claim_id,claim,theorem_or_lemma,proof_or_implementation,source_or_test,experiment,figure_or_table,raw_result,maturity,boundary,fresh_recheck
C01,The restoration condition is necessary and sufficient for every legal order to give a read its required source tag.,Exact read criterion,proofs/theory.md Sections 2-3; refcert/checker.py check_read_cover,refcert/oracles.py provenance_oracle; tests/test_checker.py,"298,212 cases; production predicate called on every case; 235,699 unsafe cases with replayed countertrace; zero mismatch",Restoration figure; oracle table,results/provenance-summary.json,proved for the finite event/tag model; implementation exhaustively finite-checked,Sequential linear extensions and exact tags; not symbolic value equivalence,"2026-09-21: theorem, production path, formula, and exact execution rechecked"
C02,"A supplied restoration witness is polynomial-time checkable, while minimum-cardinality witness selection is NP-complete.",Minimum restoration witness theorem,proofs/theory.md Section 2; paper Set Cover reduction,refcert/oracles.py restoration_set_cover_oracle,"4,612 covering systems; zero optimum mismatch; fixed greedy witness optimum 2 versus heuristic 3",Oracle table / evaluation text,results/cover-summary.json,proved by Set Cover reduction; finite reduction implementation checked,Hardness concerns minimization only; checker soundness does not require a minimum witness,"2026-09-21: reduction, Karp citation, exact small systems, and nonminimal heuristic witness rechecked"
C03,Accepted targets return source outputs for every modular-32-bit input and legal order in the declared language.,Source-result soundness,proofs/theory.md Section 3; refcert/checker.py; refcert/interpreter.py,tests/test_checker.py; run.py kernels and packets,"200 tensor source/formula checks; 9,360 tensor executions; 48 packet source checks; 122,879 packet executions; zero mismatch",Capacity and packet evidence tables,results/kernels-summary.json; results/packets-summary.json,proved for finite language; implementation measured,"No verified front end, floating-point algebra, concurrency, or unrestricted language claim",2026-09-25: interpreter paths and complete campaigns rerun after packet-split and snapshot repairs
C04,Scalar cleanup requires a jointly erasable family relative to the full declared protected observation interface; initialization is fixed and individual deletability is insufficient.,Joint-erasure scalar boundary,proofs/theory.md Section 4; paper scalar-cleanup section,refcert/oracles.py diagnostic_dead_stores; tests/test_checker.py joint-erasure counterexample,"77,664 mixed cases; six bounded separations before exact joint cleanup and zero after; fixed zero initialization; protected read changes from one to zero only when both noninitial writes are deleted",Scalar stores table,results/stores-summary.json,conditional theorem plus bounded negative evidence,Not a universal scalar-collapse or general dead-store theorem,"2026-09-25: paper, theory, oracle result, and protected-read test synchronized"
C05,Every legal residual-fan order returns all branch values and the residual anchor.,Shared-target separation property 1,proofs/theory.md Section 5; refcert/packets.py,tests/test_checker.py; run.py packets,"Exact all orders through k=5 plus representative orders through k=192; included in 122,879 executions; zero mismatch",Packet fan and packet evidence table,results/packets.csv; results/packets-summary.json,proved for every k>=2; implementation finite-checked,Requires externally justified read-before-write atomic packets with distinct destinations,"2026-09-25: proof, constructors, expanded executions, and packet snapshot semantics rechecked"
C06,The minimum final-read restoration set in the shared residual fan contains exactly all k branch restores.,Shared-target separation property 2,proofs/theory.md Section 5; refcert/producer.py,run.py packet certificate cardinalities,16 branch counts from 2 through 192; maximum restoration list equals k,Packet scaling table,results/packets.csv,proved for the family; finite-checked,No minimum-witness claim for arbitrary schedules,2026-09-21: only-q_i-covers-p_i proof and generated witnesses rechecked
C07,"Within fixed-final-read atom-preserving storage recoloring, every all-order single-restorer target needs at least two scratch cells.",Shared-target separation property 4,proofs/theory.md Section 5; refcert/packets.py recoloring model,run.py exhaustive recoloring oracle; tests/test_checker.py,"82 one/two-cell layouts; 5,952 exact order replays; zero one-cell acceptances and zero mismatch","Baseline, scaling, and packet evidence tables",results/packets-summary.json; results/case-packet-fan-4.json,"proved for all k>=2 in declared class; exhaustive k=2,3 implementation check","Preserves source, events, edges, atoms, computations, non-scratch destinations, and final anchor read","2026-09-21: comparison class, proof, layouts, and independent replay rechecked"
C08,"Two-cell quarantine attains the fixed-read lower bound while preserving events, atoms, edges, and orders.",Shared-target separation property 5,proofs/theory.md Section 5; refcert/packets.py compile_quarantine_fan,tests/test_checker.py; run.py packets,16/16 quarantine targets accepted and numerically correct; scratch capacity 2,Baseline and scaling tables,results/packets.csv; results/packets-summary.json,proved construction; finite-checked,"Whole-buffer abstract cells, not physical memory","2026-09-21: construction, capacity, order identity, and execution rechecked"
C09,"Injective recoloring uses k+1 cells and is correct, but is not a lower bound or storage optimum.",Shared-target separation property 6,proofs/theory.md Section 5; refcert/packets.py compile_private_fan,run.py packets,16/16 accepted and correct; scratch capacity k+1,Baseline and scaling tables,results/packets.csv,proved construction; finite-checked,Construction-specific baseline only,2026-09-21: nonoptimal wording and all finite cases rechecked
C10,Minimum one-restorer edge repair adds k-1 inter-branch edges and retains an exactly counted strict subset of orders.,Shared-target separation property 7; order-count equations,proofs/theory.md Section 5; refcert/packets.py formulas,run.py exact enumeration through k=5,"116,016 unrestricted and 71,225 repaired orders; retained fraction 83.3% at k=2 to 12.3% at k=192",Order-retention plot and scaling table,results/packets.csv; results/packets-summary.json,proved formulas and component-connectivity lower bound; exact small enumeration,Order fraction is not runtime or parallel-speed evidence,2026-09-21: lower-bound proof strengthened and plot range extended
C11,Value forwarding and effect splitting remove the one-cell separation only by changing the final-read interface or packet contract.,Shared-target separation property 8,proofs/theory.md Section 5; refcert/packets.py forwarded/split constructors,tests/test_checker.py; run.py packets,"16/16 forwarded and 16/16 split targets accepted and numerically correct; split retains all original event IDs, restores, and edges; exact k=2,3 order sets (6 and 90) and all 96 replays match",Baseline table,results/packets.csv; results/packets-summary.json,proved explicit counterbaselines; finite-checked,Demonstrates conditionality; no universal Pareto claim,2026-09-25: split constructor repaired to remove only scratch subeffects; literal order-set equality and executions rerun
C12,Every whole packet and restore obligation is indispensable in the original shared fixed-read target.,Shared-target separation property 3,proofs/theory.md Section 5; unique-output and counterorder constructions,tests/test_checker.py; run.py unsafe controls,"647 unique-output packet checks; 647 removed-obligation controls, all rejected and numerically wrong",Packet evidence table,results/packets-summary.json; results/case-packet-fan-unsafe.json,proved for original shared interface; finite controls measured,Forwarding or packet splitting lies outside this statement,2026-09-21: scope and all expanded controls rechecked
C13,A feasible maximum-closure flow certifies an all-order whole-buffer upper bound; a matching ideal certifies exactness.,Flow upper certificate theorem,proofs/theory.md Section 6; refcert/producer.py; refcert/checker.py,refcert/oracles.py memory_oracle,"90,198 signed-weight cases; zero flow, bound, or ideal mismatch",Oracle and capacity tables,results/memory-summary.json,classical attributed reduction with self-contained proof; finite-checked,Maximum over schedules of one graph; not minimum-memory scheduling or RSS,"2026-09-21: attribution, proof, checker, and exact ideal oracle rechecked"
C14,"Accepted read covers and flow upper witnesses survive acyclic edge addition when events, locations, tags, and capacities are fixed.",Core-certificate reuse theorem,proofs/theory.md Section 7; refcert/checker.py,tests/test_checker.py; run.py kernels,234 certificate reuses; stale exact-ideal rejection control,Capacity table and pipeline figure,results/kernels-summary.json,proved and finite-checked,"Tight ideals must be rechecked; relocation, splitting, deletion, and capacity changes excluded",2026-09-21: theorem boundary and expanded reuse campaign rechecked
C15,The bounded tensor suite validates the implementation but does not separate set restoration from the one-restorer baseline.,Negative empirical result,refcert/kernels.py; refcert/producer.py,run.py kernels,"40 source instances; 234 schedules; all 234 one-restorer accepted; 9,360 executions",General-kernel table,results/kernels-summary.json; results/kernels.csv,measured finite negative evidence,Not production workload breadth or a practical-benefit claim,2026-09-21: dimensions 2-6 and all outcomes rechecked
C16,"Frozen holdout, metamorphic, CLI, focused missing-coverage mutation, and packet snapshot audits find no additional implementation disagreement.",Robustness audit,refcert/robustness.py; refcert/interpreter.py packet snapshot semantics,run.py robustness suite; tests/test_checker.py; tests/test_compare.py,"1,152 holdout cases and 11,542 extension replays; 4 metamorphic checks; 4 CLI checks; all-restorers-legal missing-coverage mutant exposed; 2 packet effect orders invariant; sequential-commit mutant exposed; uninitialized same-packet source rejected",Evaluation text,results/robustness-summary.json,finite post-formulation robustness evidence,Not independent formal verification or workload breadth,"2026-09-25: focused mutation cause, packet snapshot discriminator, and comparison-regression tests rerun"
C17,The scholarly packet has 73 unique cited references and satisfies the recorded calibration cohorts.,Reference closure audit,reference_audit.py; reference_inventory.csv; external_resources.csv,full-project audit against paper/references.bib and paper/paper.tex,73 bibliography/inventory/resource/cited keys; 85 citation occurrences; no uncited or missing key; cohort minima met,Related-work section and references,results/references-summary.json,deterministic metadata/closure audit plus documented reading levels,Not a systematic review or automated proof of each cited claim,"2026-09-21: DISTAL, scratch-pad, and MICRO metadata repaired; Karp added; closure PASS"
C18,The complete bounded campaign fits the declared local resource envelope.,Resource observation,run.py per-process guards and scoped resource accounting,reference run and final clean reproductions,"One experiment worker with serial CLI children; POSIX per-process 3 GiB address and 240-second CPU guards; Linux 6.18.44 / CPython 3.13.5; 26.45 wall, 21.51 worker CPU, 4.93 completed-child CPU seconds; 130,072 KiB RUSAGE_SELF peak for main worker",Artifact/reproducibility section,results/run-summary.json,measured local feasibility,"No process-tree RSS measurement, aggregate tree limit, throughput, asymptotic, speedup, or provider-limit claim; earlier environment unknown/not recoverable",2026-09-25: resource scope and reference environment recorded from actual full run
