citation_key,name,scholarly_or_official_url,license,access_date,resource_type,acquisition_method,integration_mode,supported_claim,internals_modified,exact_source_or_location,access_scope
halide12,Decoupling Algorithms from Schedules for Easy Optimization of Image Processing Pipelines,https://doi.org/10.1145/2185520.2185528,Publisher/author terms; citation only; no paper redistributed.,2026-09-21,scholarly paper,Publisher/author/arXiv record and available text; no executable internals imported.,Citation and comparison only,"Algorithm/schedule separation, scheduling-language contracts, tensor scheduling, or current user-schedulable compilation context.",no,https://doi.org/10.1145/2185520.2185528,"Author-copy/full-text passages on algorithm/schedule separation, schedule semantics, storage, and lowering were examined; bibliographic record verified."
halide13,"Halide: A Language and Compiler for Optimizing Parallelism, Locality, and Recomputation in Image Processing Pipelines",https://doi.org/10.1145/2491956.2462176,Publisher/author terms; citation only; no paper redistributed.,2026-09-21,scholarly paper,Publisher/author/arXiv record and available text; no executable internals imported.,Citation and comparison only,"Algorithm/schedule separation, scheduling-language contracts, tensor scheduling, or current user-schedulable compilation context.",no,https://doi.org/10.1145/2491956.2462176,"Paper-level structure, motivating problem, contribution, evidence pattern, and narrative role screened for the calibration matrix; exact technical claims remain limited to the cited comparison."
halide18,Halide: Decoupling Algorithms from Schedules for High-Performance Image Processing,https://doi.org/10.1145/3150211,Publisher/author terms; citation only; no paper redistributed.,2026-09-21,scholarly paper,Publisher/author/arXiv record and available text; no executable internals imported.,Citation and comparison only,"Algorithm/schedule separation, scheduling-language contracts, tensor scheduling, or current user-schedulable compilation context.",no,https://doi.org/10.1145/3150211,"Bibliographic metadata and relevance screen; used as contextual citation, not by itself as an exhaustive novelty or subsumption proof."
halidesched16,Automatically Scheduling Halide Image Processing Pipelines,https://doi.org/10.1145/2897824.2925952,Publisher/author terms; citation only; no paper redistributed.,2026-09-21,scholarly paper,Publisher/author/arXiv record and available text; no executable internals imported.,Citation and comparison only,"Algorithm/schedule separation, scheduling-language contracts, tensor scheduling, or current user-schedulable compilation context.",no,https://doi.org/10.1145/2897824.2925952,"Bibliographic metadata and relevance screen; used as contextual citation, not by itself as an exhaustive novelty or subsumption proof."
halidelearn19,Learning to Optimize Halide with Tree Search and Random Programs,https://doi.org/10.1145/3306346.3322967,Publisher/author terms; citation only; no paper redistributed.,2026-09-21,scholarly paper,Publisher/author/arXiv record and available text; no executable internals imported.,Citation and comparison only,"Algorithm/schedule separation, scheduling-language contracts, tensor scheduling, or current user-schedulable compilation context.",no,https://doi.org/10.1145/3306346.3322967,"Bibliographic metadata and relevance screen; used as contextual citation, not by itself as an exhaustive novelty or subsumption proof."
polymage15,PolyMage: Automatic Optimization for Image Processing Pipelines,https://doi.org/10.1145/2694344.2694364,Publisher/author terms; citation only; no paper redistributed.,2026-09-21,scholarly paper,Publisher/author/arXiv record and available text; no executable internals imported.,Citation and comparison only,"Algorithm/schedule separation, scheduling-language contracts, tensor scheduling, or current user-schedulable compilation context.",no,https://doi.org/10.1145/2694344.2694364,"Official DOI and author/project material confirm ASPLOS 2015, pages 429--443; bibliographic metadata and substantive compiler framing rechecked."
tiramisu19,Tiramisu: A Polyhedral Compiler for Expressing Fast and Portable Code,https://doi.org/10.1109/CGO.2019.8661197,Publisher/author terms; citation only; no paper redistributed.,2026-09-21,scholarly paper,Publisher/author/arXiv record and available text; no executable internals imported.,Citation and comparison only,"Algorithm/schedule separation, scheduling-language contracts, tensor scheduling, or current user-schedulable compilation context.",no,https://doi.org/10.1109/CGO.2019.8661197,"Bibliographic metadata and relevance screen; used as contextual citation, not by itself as an exhaustive novelty or subsumption proof."
tvm18,TVM: An Automated End-to-End Optimizing Compiler for Deep Learning,https://www.usenix.org/conference/osdi18/presentation/chen,Publisher/author terms; citation only; no paper redistributed.,2026-09-21,scholarly paper,Publisher/author/arXiv record and available text; no executable internals imported.,Citation and comparison only,"Algorithm/schedule separation, scheduling-language contracts, tensor scheduling, or current user-schedulable compilation context.",no,https://www.usenix.org/conference/osdi18/presentation/chen,"Official USENIX paper page, full paper link, authors, venue, year, and pages rechecked; paper-level structure screened for the calibration matrix."
ansor20,Ansor: Generating High-Performance Tensor Programs for Deep Learning,https://www.usenix.org/conference/osdi20/presentation/zheng,Publisher/author terms; citation only; no paper redistributed.,2026-09-21,scholarly paper,Publisher/author/arXiv record and available text; no executable internals imported.,Citation and comparison only,"Algorithm/schedule separation, scheduling-language contracts, tensor scheduling, or current user-schedulable compilation context.",no,https://www.usenix.org/conference/osdi20/presentation/zheng,"Official USENIX paper page, full paper link, authors, venue, year, and pages rechecked; used for contextual schedule-search comparison."
tensorir23,TensorIR: An Abstraction for Automatic Tensorized Program Optimization,https://doi.org/10.1145/3575693.3576933,Publisher/author terms; citation only; no paper redistributed.,2026-09-21,scholarly paper,Publisher/author/arXiv record and available text; no executable internals imported.,Citation and comparison only,"Algorithm/schedule separation, scheduling-language contracts, tensor scheduling, or current user-schedulable compilation context.",no,https://doi.org/10.1145/3575693.3576933,"Bibliographic metadata and relevance screen; used as contextual citation, not by itself as an exhaustive novelty or subsumption proof."
exo22,Exocompilation for Productive Programming of Hardware Accelerators,https://doi.org/10.1145/3519939.3523446,Publisher/author terms; citation only; no paper redistributed.,2026-09-21,scholarly paper,Publisher/author/arXiv record and available text; no executable internals imported.,Citation and comparison only,"Algorithm/schedule separation, scheduling-language contracts, tensor scheduling, or current user-schedulable compilation context.",no,https://doi.org/10.1145/3519939.3523446,"Bibliographic metadata and relevance screen; used as contextual citation, not by itself as an exhaustive novelty or subsumption proof."
exo225,Exo 2: Growing a Scheduling Language,https://doi.org/10.1145/3669940.3707218,Publisher/author terms; citation only; no paper redistributed.,2026-09-21,scholarly paper,Publisher/author/arXiv record and available text; no executable internals imported.,Citation and comparison only,"Algorithm/schedule separation, scheduling-language contracts, tensor scheduling, or current user-schedulable compilation context.",no,https://doi.org/10.1145/3669940.3707218,"Paper-level structure, motivating problem, contribution, evidence pattern, and narrative role screened for the calibration matrix; exact technical claims remain limited to the cited comparison."
atl22,Verified Tensor-Program Optimization Via High-Level Scheduling Rewrites,https://doi.org/10.1145/3498717,Publisher/author terms; citation only; no paper redistributed.,2026-09-21,scholarly paper,Publisher/author/arXiv record and available text; no executable internals imported.,Citation and comparison only,"Compiler correctness, proof-carrying code, translation validation, or verified tensor-schedule comparison.",no,https://doi.org/10.1145/3498717,Available full text and theorem/interface descriptions were examined for verified high-level scheduling rewrites.
atl24,A Verified Compiler for a Functional Tensor Language,https://doi.org/10.1145/3656390,Publisher/author terms; citation only; no paper redistributed.,2026-09-21,scholarly paper,Publisher/author/arXiv record and available text; no executable internals imported.,Citation and comparison only,"Compiler correctness, proof-carrying code, translation validation, or verified tensor-schedule comparison.",no,https://doi.org/10.1145/3656390,Available full text and selected lowering/memory-model passages were examined for verified imperative compilation.
halidetv22,End-to-End Translation Validation for the Halide Language,https://doi.org/10.1145/3527328,Publisher/author terms; citation only; no paper redistributed.,2026-09-21,scholarly paper,Publisher/author/arXiv record and available text; no executable internals imported.,Citation and comparison only,"Compiler correctness, proof-carrying code, translation validation, or verified tensor-schedule comparison.",no,https://doi.org/10.1145/3527328,"Available full text and selected source-correspondence, stored-value, and validation passages were examined."
haliver24,HaliVer: Deductive Verification and Scheduling Languages Join Forces,https://doi.org/10.1007/978-3-031-57256-2_4,Publisher/author terms; citation only; no paper redistributed.,2026-09-21,scholarly paper,Publisher/author/arXiv record and available text; no executable internals imported.,Citation and comparison only,"Compiler correctness, proof-carrying code, translation validation, or verified tensor-schedule comparison.",no,https://doi.org/10.1007/978-3-031-57256-2_4,Available paper record and substantive method/guarantee descriptions were examined.
taco17,The Tensor Algebra Compiler,https://doi.org/10.1145/3133901,Publisher/author terms; citation only; no paper redistributed.,2026-09-21,scholarly paper,Publisher/author/arXiv record and available text; no executable internals imported.,Citation and comparison only,"Tensor compiler representations, storage formats, sparse iteration, code generation, or memory organization.",no,https://doi.org/10.1145/3133901,"Paper-level structure, motivating problem, contribution, evidence pattern, and narrative role screened for the calibration matrix; exact technical claims remain limited to the cited comparison."
format18,Format Abstraction for Sparse Tensor Algebra Compilers,https://doi.org/10.1145/3276493,Publisher/author terms; citation only; no paper redistributed.,2026-09-21,scholarly paper,Publisher/author/arXiv record and available text; no executable internals imported.,Citation and comparison only,"Tensor compiler representations, storage formats, sparse iteration, code generation, or memory organization.",no,https://doi.org/10.1145/3276493,"Bibliographic metadata and relevance screen; used as contextual citation, not by itself as an exhaustive novelty or subsumption proof."
looplets23,Looplets: A Language for Structured Coiteration,https://doi.org/10.1145/3579990.3580020,Publisher/author terms; citation only; no paper redistributed.,2026-09-21,scholarly paper,Publisher/author/arXiv record and available text; no executable internals imported.,Citation and comparison only,"Tensor compiler representations, storage formats, sparse iteration, code generation, or memory organization.",no,https://doi.org/10.1145/3579990.3580020,"Bibliographic metadata and relevance screen; used as contextual citation, not by itself as an exhaustive novelty or subsumption proof."
sparsemlir22,Compiler Support for Sparse Tensor Computations in MLIR,https://doi.org/10.1145/3544559,Publisher/author terms; citation only; no paper redistributed.,2026-09-21,scholarly paper,Publisher/author/arXiv record and available text; no executable internals imported.,Citation and comparison only,"Tensor compiler representations, storage formats, sparse iteration, code generation, or memory organization.",no,https://doi.org/10.1145/3544559,"Paper-level structure, motivating problem, contribution, evidence pattern, and narrative role screened for the calibration matrix; exact technical claims remain limited to the cited comparison."
sparsetir23,SparseTIR: Composable Abstractions for Sparse Compilation in Deep Learning,https://doi.org/10.1145/3582016.3582047,Publisher/author terms; citation only; no paper redistributed.,2026-09-21,scholarly paper,Publisher/author/arXiv record and available text; no executable internals imported.,Citation and comparison only,"Tensor compiler representations, storage formats, sparse iteration, code generation, or memory organization.",no,https://doi.org/10.1145/3582016.3582047,Official DOI metadata and available full-text framing were rechecked for sparse compilation abstractions.
sam23,The Sparse Abstract Machine,https://doi.org/10.1145/3582016.3582051,Publisher/author terms; citation only; no paper redistributed.,2026-09-21,scholarly paper,Publisher/author/arXiv record and available text; no executable internals imported.,Citation and comparison only,"Tensor compiler representations, storage formats, sparse iteration, code generation, or memory organization.",no,https://doi.org/10.1145/3582016.3582051,"Bibliographic metadata and relevance screen; used as contextual citation, not by itself as an exhaustive novelty or subsumption proof."
unified23,Unified Buffer: Compiling Image Processing and Machine Learning Applications to Push-Memory Accelerators,https://doi.org/10.1145/3572908,Publisher/author terms; citation only; no paper redistributed.,2026-09-21,scholarly paper,Publisher/author/arXiv record and available text; no executable internals imported.,Citation and comparison only,"Tensor compiler representations, storage formats, sparse iteration, code generation, or memory organization.",no,https://doi.org/10.1145/3572908,"Paper-level structure, motivating problem, contribution, evidence pattern, and narrative role screened for the calibration matrix; exact technical claims remain limited to the cited comparison."
next700,"The Next 700 Accelerated Layers: From Mathematical Expressions of Network Computation Graphs to Accelerated GPU Kernels, Automatically",https://doi.org/10.1145/3355606,Publisher/author terms; citation only; no paper redistributed.,2026-09-21,scholarly paper,Publisher/author/arXiv record and available text; no executable internals imported.,Citation and comparison only,"Tensor compiler representations, storage formats, sparse iteration, code generation, or memory organization.",no,https://doi.org/10.1145/3355606,"Paper-level structure, motivating problem, contribution, evidence pattern, and narrative role screened for the calibration matrix; exact technical claims remain limited to the cited comparison."
generalized18,High-Performance Generalized Tensor Operations: A Compiler-Oriented Approach,https://doi.org/10.1145/3235029,Publisher/author terms; citation only; no paper redistributed.,2026-09-21,scholarly paper,Publisher/author/arXiv record and available text; no executable internals imported.,Citation and comparison only,"Tensor compiler representations, storage formats, sparse iteration, code generation, or memory organization.",no,https://doi.org/10.1145/3235029,"Paper-level structure, motivating problem, contribution, evidence pattern, and narrative role screened for the calibration matrix; exact technical claims remain limited to the cited comparison."
sparsepoly23,Polyhedral Specification and Code Generation of Sparse Tensor Contraction with Co-iteration,https://doi.org/10.1145/3566054,Publisher/author terms; citation only; no paper redistributed.,2026-09-21,scholarly paper,Publisher/author/arXiv record and available text; no executable internals imported.,Citation and comparison only,"Tensor compiler representations, storage formats, sparse iteration, code generation, or memory organization.",no,https://doi.org/10.1145/3566054,"Paper-level structure, motivating problem, contribution, evidence pattern, and narrative role screened for the calibration matrix; exact technical claims remain limited to the cited comparison."
const24,CoNST: Code Generator for Sparse Tensor Networks,https://doi.org/10.1145/3689342,Publisher/author terms; citation only; no paper redistributed.,2026-09-21,scholarly paper,Publisher/author/arXiv record and available text; no executable internals imported.,Citation and comparison only,"Tensor compiler representations, storage formats, sparse iteration, code generation, or memory organization.",no,https://doi.org/10.1145/3689342,"Paper-level structure, motivating problem, contribution, evidence pattern, and narrative role screened for the calibration matrix; exact technical claims remain limited to the cited comparison."
xengine23,XEngine: Optimal Tensor Rematerialization for Neural Networks in Heterogeneous Environments,https://doi.org/10.1145/3568956,Publisher/author terms; citation only; no paper redistributed.,2026-09-21,scholarly paper,Publisher/author/arXiv record and available text; no executable internals imported.,Citation and comparison only,"Tensor compiler representations, storage formats, sparse iteration, code generation, or memory organization.",no,https://doi.org/10.1145/3568956,"Paper-level structure, motivating problem, contribution, evidence pattern, and narrative role screened for the calibration matrix; exact technical claims remain limited to the cited comparison."
autovesk24,Autovesk: Automatic Vectorized Code Generation from Unstructured Static Kernels Using Graph Transformations,https://doi.org/10.1145/3631709,Publisher/author terms; citation only; no paper redistributed.,2026-09-21,scholarly paper,Publisher/author/arXiv record and available text; no executable internals imported.,Citation and comparison only,"Tensor compiler representations, storage formats, sparse iteration, code generation, or memory organization.",no,https://doi.org/10.1145/3631709,"Paper-level structure, motivating problem, contribution, evidence pattern, and narrative role screened for the calibration matrix; exact technical claims remain limited to the cited comparison."
nonlinear16,The Polyhedral Model of Nonlinear Loops,https://doi.org/10.1145/2838734,Publisher/author terms; citation only; no paper redistributed.,2026-09-21,scholarly paper,Publisher/author/arXiv record and available text; no executable internals imported.,Citation and comparison only,"Affine/polyhedral scheduling, compiler infrastructure, or transformation-composition context.",no,https://doi.org/10.1145/2838734,"Paper-level structure, motivating problem, contribution, evidence pattern, and narrative role screened for the calibration matrix; exact technical claims remain limited to the cited comparison."
iterative17,Iterative Schedule Optimization for Parallelization in the Polyhedron Model,https://doi.org/10.1145/3109482,Publisher/author terms; citation only; no paper redistributed.,2026-09-21,scholarly paper,Publisher/author/arXiv record and available text; no executable internals imported.,Citation and comparison only,"Affine/polyhedral scheduling, compiler infrastructure, or transformation-composition context.",no,https://doi.org/10.1145/3109482,"Paper-level structure, motivating problem, contribution, evidence pattern, and narrative role screened for the calibration matrix; exact technical claims remain limited to the cited comparison."
surrogate19,Speeding up Iterative Polyhedral Schedule Optimization with Surrogate Performance Models,https://doi.org/10.1145/3291773,Publisher/author terms; citation only; no paper redistributed.,2026-09-21,scholarly paper,Publisher/author/arXiv record and available text; no executable internals imported.,Citation and comparison only,"Affine/polyhedral scheduling, compiler infrastructure, or transformation-composition context.",no,https://doi.org/10.1145/3291773,"Paper-level structure, motivating problem, contribution, evidence pattern, and narrative role screened for the calibration matrix; exact technical claims remain limited to the cited comparison."
exastencils19,Polyhedral Search Space Exploration in the ExaStencils Code Generator,https://doi.org/10.1145/3274653,Publisher/author terms; citation only; no paper redistributed.,2026-09-21,scholarly paper,Publisher/author/arXiv record and available text; no executable internals imported.,Citation and comparison only,"Affine/polyhedral scheduling, compiler infrastructure, or transformation-composition context.",no,https://doi.org/10.1145/3274653,"Paper-level structure, motivating problem, contribution, evidence pattern, and narrative role screened for the calibration matrix; exact technical claims remain limited to the cited comparison."
autotune19,An Autotuning Framework for Scalable Execution of Tiled Code via Iterative Polyhedral Compilation,https://doi.org/10.1145/3293449,Publisher/author terms; citation only; no paper redistributed.,2026-09-21,scholarly paper,Publisher/author/arXiv record and available text; no executable internals imported.,Citation and comparison only,"Affine/polyhedral scheduling, compiler infrastructure, or transformation-composition context.",no,https://doi.org/10.1145/3293449,"Paper-level structure, motivating problem, contribution, evidence pattern, and narrative role screened for the calibration matrix; exact technical claims remain limited to the cited comparison."
flextiles20,Flextended Tiles: A Flexible Extension of Overlapped Tiles for Polyhedral Compilation,https://doi.org/10.1145/3369382,Publisher/author terms; citation only; no paper redistributed.,2026-09-21,scholarly paper,Publisher/author/arXiv record and available text; no executable internals imported.,Citation and comparison only,"Affine/polyhedral scheduling, compiler infrastructure, or transformation-composition context.",no,https://doi.org/10.1145/3369382,"Paper-level structure, motivating problem, contribution, evidence pattern, and narrative role screened for the calibration matrix; exact technical claims remain limited to the cited comparison."
instrumented20,Building a Polyhedral Representation from an Instrumented Execution: Making Dynamic Analyses of Nonaffine Programs Scalable,https://doi.org/10.1145/3363785,Publisher/author terms; citation only; no paper redistributed.,2026-09-21,scholarly paper,Publisher/author/arXiv record and available text; no executable internals imported.,Citation and comparison only,"Affine/polyhedral scheduling, compiler infrastructure, or transformation-composition context.",no,https://doi.org/10.1145/3363785,"Paper-level structure, motivating problem, contribution, evidence pattern, and narrative role screened for the calibration matrix; exact technical claims remain limited to the cited comparison."
polsurvey24,A Survey of General-Purpose Polyhedral Compilers,https://doi.org/10.1145/3674735,Publisher/author terms; citation only; no paper redistributed.,2026-09-21,scholarly paper,Publisher/author/arXiv record and available text; no executable internals imported.,Citation and comparison only,"Affine/polyhedral scheduling, compiler infrastructure, or transformation-composition context.",no,https://doi.org/10.1145/3674735,"Bibliographic metadata and relevance screen; used as contextual citation, not by itself as an exhaustive novelty or subsumption proof."
pluto08,A Practical Automatic Polyhedral Parallelizer and Locality Optimizer,https://doi.org/10.1145/1375581.1375595,Publisher/author terms; citation only; no paper redistributed.,2026-09-21,scholarly paper,Publisher/author/arXiv record and available text; no executable internals imported.,Citation and comparison only,"Affine/polyhedral scheduling, compiler infrastructure, or transformation-composition context.",no,https://doi.org/10.1145/1375581.1375595,"Bibliographic metadata and relevance screen; used as contextual citation, not by itself as an exhaustive novelty or subsumption proof."
feautrier92a,Some Efficient Solutions to the Affine Scheduling Problem. Part I: One-Dimensional Time,https://doi.org/10.1007/BF01407835,Publisher/author terms; citation only; no paper redistributed.,2026-09-21,scholarly paper,Publisher/author/arXiv record and available text; no executable internals imported.,Citation and comparison only,"Affine/polyhedral scheduling, compiler infrastructure, or transformation-composition context.",no,https://doi.org/10.1007/BF01407835,"Bibliographic metadata and relevance screen; used as contextual citation, not by itself as an exhaustive novelty or subsumption proof."
feautrier92b,Some Efficient Solutions to the Affine Scheduling Problem. Part II: Multidimensional Time,https://doi.org/10.1007/BF01379404,Publisher/author terms; citation only; no paper redistributed.,2026-09-21,scholarly paper,Publisher/author/arXiv record and available text; no executable internals imported.,Citation and comparison only,"Affine/polyhedral scheduling, compiler infrastructure, or transformation-composition context.",no,https://doi.org/10.1007/BF01379404,"Bibliographic metadata and relevance screen; used as contextual citation, not by itself as an exhaustive novelty or subsumption proof."
isl10,isl: An Integer Set Library for the Polyhedral Model,https://doi.org/10.1007/978-3-642-15582-6_49,Publisher/author terms; citation only; no paper redistributed.,2026-09-21,scholarly paper,Publisher/author/arXiv record and available text; no executable internals imported.,Citation and comparison only,"Affine/polyhedral scheduling, compiler infrastructure, or transformation-composition context.",no,https://doi.org/10.1007/978-3-642-15582-6_49,"Bibliographic metadata and relevance screen; used as contextual citation, not by itself as an exhaustive novelty or subsumption proof."
ppcg13,Polyhedral Parallel Code Generation for CUDA,https://doi.org/10.1007/978-3-642-37051-9_6,Publisher/author terms; citation only; no paper redistributed.,2026-09-21,scholarly paper,Publisher/author/arXiv record and available text; no executable internals imported.,Citation and comparison only,"Affine/polyhedral scheduling, compiler infrastructure, or transformation-composition context.",no,https://doi.org/10.1007/978-3-642-37051-9_6,"Bibliographic metadata and relevance screen; used as contextual citation, not by itself as an exhaustive novelty or subsumption proof."
polly11,Polly---Performing Polyhedral Optimizations on a Low-Level Intermediate Representation,https://doi.org/10.1142/S0129626412500107,Publisher/author terms; citation only; no paper redistributed.,2026-09-21,scholarly paper,Publisher/author/arXiv record and available text; no executable internals imported.,Citation and comparison only,"Affine/polyhedral scheduling, compiler infrastructure, or transformation-composition context.",no,https://doi.org/10.1142/S0129626412500107,"Bibliographic metadata and relevance screen; used as contextual citation, not by itself as an exhaustive novelty or subsumption proof."
chill08,CHiLL: A Framework for Composing High-Level Loop Transformations,https://doi.org/10.1109/SC.2008.5213920,Publisher/author terms; citation only; no paper redistributed.,2026-09-21,scholarly paper,Publisher/author/arXiv record and available text; no executable internals imported.,Citation and comparison only,"Affine/polyhedral scheduling, compiler infrastructure, or transformation-composition context.",no,https://doi.org/10.1109/SC.2008.5213920,"Bibliographic metadata and relevance screen; used as contextual citation, not by itself as an exhaustive novelty or subsumption proof."
mlir21,MLIR: Scaling Compiler Infrastructure for Domain Specific Computation,https://doi.org/10.1109/CGO51591.2021.9370308,Publisher/author terms; citation only; no paper redistributed.,2026-09-21,scholarly paper,Publisher/author/arXiv record and available text; no executable internals imported.,Citation and comparison only,"Affine/polyhedral scheduling, compiler infrastructure, or transformation-composition context.",no,https://doi.org/10.1109/CGO51591.2021.9370308,"Bibliographic metadata and relevance screen; used as contextual citation, not by itself as an exhaustive novelty or subsumption proof."
lift17,LIFT: A Functional Data-Parallel IR for High-Performance GPU Code Generation,https://doi.org/10.1109/CGO.2017.7863730,Publisher/author terms; citation only; no paper redistributed.,2026-09-21,scholarly paper,Publisher/author/arXiv record and available text; no executable internals imported.,Citation and comparison only,"Affine/polyhedral scheduling, compiler infrastructure, or transformation-composition context.",no,https://doi.org/10.1109/CGO.2017.7863730,"Bibliographic metadata and relevance screen; used as contextual citation, not by itself as an exhaustive novelty or subsumption proof."
dace19,Stateful Dataflow Multigraphs: A Data-Centric Model for Performance Portability on Heterogeneous Architectures,https://doi.org/10.1145/3295500.3356173,Publisher/author terms; citation only; no paper redistributed.,2026-09-21,scholarly paper,Publisher/author/arXiv record and available text; no executable internals imported.,Citation and comparison only,"Affine/polyhedral scheduling, compiler infrastructure, or transformation-composition context.",no,https://doi.org/10.1145/3295500.3356173,"Bibliographic metadata and relevance screen; used as contextual citation, not by itself as an exhaustive novelty or subsumption proof."
distal22,DISTAL: The Distributed Tensor Algebra Compiler,https://doi.org/10.1145/3527335,Publisher/author terms; citation only; no paper redistributed.,2026-09-21,scholarly paper,Publisher/author/arXiv record and available text; no executable internals imported.,Citation and comparison only,"Affine/polyhedral scheduling, compiler infrastructure, or transformation-composition context.",no,https://doi.org/10.1145/3527335,Official ACM metadata and author PDF checked; corrected DOI.
translation98,Translation Validation,https://doi.org/10.1007/BFb0054170,Publisher/author terms; citation only; no paper redistributed.,2026-09-21,scholarly paper,Publisher/author/arXiv record and available text; no executable internals imported.,Citation and comparison only,"Compiler correctness, proof-carrying code, translation validation, or verified tensor-schedule comparison.",no,https://doi.org/10.1007/BFb0054170,"Bibliographic metadata and relevance screen; used as contextual citation, not by itself as an exhaustive novelty or subsumption proof."
pcc97,Proof-Carrying Code,https://doi.org/10.1145/263699.263712,Publisher/author terms; citation only; no paper redistributed.,2026-09-21,scholarly paper,Publisher/author/arXiv record and available text; no executable internals imported.,Citation and comparison only,"Compiler correctness, proof-carrying code, translation validation, or verified tensor-schedule comparison.",no,https://doi.org/10.1145/263699.263712,"Bibliographic metadata and relevance screen; used as contextual citation, not by itself as an exhaustive novelty or subsumption proof."
compcert09,Formal Verification of a Realistic Compiler,https://doi.org/10.1145/1538788.1538814,Publisher/author terms; citation only; no paper redistributed.,2026-09-21,scholarly paper,Publisher/author/arXiv record and available text; no executable internals imported.,Citation and comparison only,"Compiler correctness, proof-carrying code, translation validation, or verified tensor-schedule comparison.",no,https://doi.org/10.1145/1538788.1538814,"Bibliographic metadata and relevance screen; used as contextual citation, not by itself as an exhaustive novelty or subsumption proof."
alive15,Provably Correct Peephole Optimizations with Alive,https://doi.org/10.1145/2737924.2737965,Publisher/author terms; citation only; no paper redistributed.,2026-09-21,scholarly paper,Publisher/author/arXiv record and available text; no executable internals imported.,Citation and comparison only,"Compiler correctness, proof-carrying code, translation validation, or verified tensor-schedule comparison.",no,https://doi.org/10.1145/2737924.2737965,"Bibliographic metadata and relevance screen; used as contextual citation, not by itself as an exhaustive novelty or subsumption proof."
alive221,Alive2: Bounded Translation Validation for LLVM,https://doi.org/10.1145/3453483.3454030,Publisher/author terms; citation only; no paper redistributed.,2026-09-21,scholarly paper,Publisher/author/arXiv record and available text; no executable internals imported.,Citation and comparison only,"Compiler correctness, proof-carrying code, translation validation, or verified tensor-schedule comparison.",no,https://doi.org/10.1145/3453483.3454030,"Bibliographic metadata and relevance screen; used as contextual citation, not by itself as an exhaustive novelty or subsumption proof."
dpor05,Dynamic Partial-Order Reduction for Model Checking Software,https://doi.org/10.1145/1040305.1040315,Publisher/author terms; citation only; no paper redistributed.,2026-09-21,scholarly paper,Publisher/author/arXiv record and available text; no executable internals imported.,Citation and comparison only,"Partial-order exploration, trace equivalence, and the distinction between provenance and value equivalence.",no,https://doi.org/10.1145/1040305.1040315,"Bibliographic metadata and relevance screen; used as contextual citation, not by itself as an exhaustive novelty or subsumption proof."
sourcedpor14,Optimal Dynamic Partial Order Reduction,https://doi.org/10.1145/2535838.2535845,Publisher/author terms; citation only; no paper redistributed.,2026-09-21,scholarly paper,Publisher/author/arXiv record and available text; no executable internals imported.,Citation and comparison only,"Partial-order exploration, trace equivalence, and the distinction between provenance and value equivalence.",no,https://doi.org/10.1145/2535838.2535845,"Bibliographic metadata and relevance screen; used as contextual citation, not by itself as an exhaustive novelty or subsumption proof."
optimaldpor17,Stateless Model Checking for TSO and PSO,https://doi.org/10.1007/s00236-016-0275-0,Publisher/author terms; citation only; no paper redistributed.,2026-09-21,scholarly paper,Publisher/author/arXiv record and available text; no executable internals imported.,Citation and comparison only,"Partial-order exploration, trace equivalence, and the distinction between provenance and value equivalence.",no,https://doi.org/10.1007/s00236-016-0275-0,"Bibliographic metadata and relevance screen; used as contextual citation, not by itself as an exhaustive novelty or subsumption proof."
value19,Value-Centric Dynamic Partial Order Reduction,https://doi.org/10.1145/3360550,Publisher/author terms; citation only; no paper redistributed.,2026-09-21,scholarly paper,Publisher/author/arXiv record and available text; no executable internals imported.,Citation and comparison only,"Partial-order exploration, trace equivalence, and the distinction between provenance and value equivalence.",no,https://doi.org/10.1145/3360550,Available full text and selected model/guarantee passages were examined for value-centric order equivalence.
picard76,Maximal Closure of a Graph and Applications to Combinatorial Problems,https://doi.org/10.1287/mnsc.22.11.1268,Publisher/author terms; citation only; no paper redistributed.,2026-09-21,scholarly paper,Publisher/author/arXiv record and available text; no executable internals imported.,Citation and comparison only,"Maximum closure, storage/recomputation tradeoffs, register/memory allocation, or peak-memory scheduling.",no,https://doi.org/10.1287/mnsc.22.11.1268,Publisher metadata and the classical maximum-closure statement were checked; the paper supplies its own self-contained reduction proof.
hongkung81,I/O Complexity: The Red-Blue Pebble Game,https://doi.org/10.1145/800076.802486,Publisher/author terms; citation only; no paper redistributed.,2026-09-21,scholarly paper,Publisher/author/arXiv record and available text; no executable internals imported.,Citation and comparison only,"Maximum closure, storage/recomputation tradeoffs, register/memory allocation, or peak-memory scheduling.",no,https://doi.org/10.1145/800076.802486,"Bibliographic metadata and relevance screen; used as contextual citation, not by itself as an exhaustive novelty or subsumption proof."
sethi75,Complete Register Allocation Problems,https://doi.org/10.1137/0204020,Publisher/author terms; citation only; no paper redistributed.,2026-09-21,scholarly paper,Publisher/author/arXiv record and available text; no executable internals imported.,Citation and comparison only,"Maximum closure, storage/recomputation tradeoffs, register/memory allocation, or peak-memory scheduling.",no,https://doi.org/10.1137/0204020,"Bibliographic metadata and relevance screen; used as contextual citation, not by itself as an exhaustive novelty or subsumption proof."
chaitin81,Register Allocation via Coloring,https://doi.org/10.1016/0096-0551(81)90048-5,Publisher/author terms; citation only; no paper redistributed.,2026-09-21,scholarly paper,Publisher/author/arXiv record and available text; no executable internals imported.,Citation and comparison only,"Maximum closure, storage/recomputation tradeoffs, register/memory allocation, or peak-memory scheduling.",no,https://doi.org/10.1016/0096-0551(81)90048-5,"Bibliographic metadata and relevance screen; used as contextual citation, not by itself as an exhaustive novelty or subsumption proof."
chen16,Training Deep Nets with Sublinear Memory Cost,https://arxiv.org/abs/1604.06174,Publisher/author terms; citation only; no paper redistributed.,2026-09-21,scholarly preprint,Publisher/author/arXiv record and available text; no executable internals imported.,Citation and comparison only,"Maximum closure, storage/recomputation tradeoffs, register/memory allocation, or peak-memory scheduling.",no,https://arxiv.org/abs/1604.06174,"Bibliographic metadata and relevance screen; used as contextual citation, not by itself as an exhaustive novelty or subsumption proof."
checkmate20,Checkmate: Breaking the Memory Wall with Optimal Tensor Rematerialization,https://proceedings.mlsys.org/paper_files/paper/2020/hash/0b816ae8f06f8dd3543dc3d9ef196cab-Abstract.html,Publisher/author terms; citation only; no paper redistributed.,2026-09-21,scholarly paper,Publisher/author/arXiv record and available text; no executable internals imported.,Citation and comparison only,"Maximum closure, storage/recomputation tradeoffs, register/memory allocation, or peak-memory scheduling.",no,https://proceedings.mlsys.org/paper_files/paper/2020/hash/0b816ae8f06f8dd3543dc3d9ef196cab-Abstract.html,Official MLSys proceedings metadata and available full text were examined; used only for rematerialization context.
dtr20,Dynamic Tensor Rematerialization,https://openreview.net/forum?id=Vfs_2RnOD0H,Publisher/author terms; citation only; no paper redistributed.,2026-09-21,scholarly paper,Publisher/author/arXiv record and available text; no executable internals imported.,Citation and comparison only,"Maximum closure, storage/recomputation tradeoffs, register/memory allocation, or peak-memory scheduling.",no,https://openreview.net/forum?id=Vfs_2RnOD0H,Official ICLR/OpenReview record and author-hosted full text were examined; used only for dynamic rematerialization context.
capuchin20,Capuchin: Tensor-Based GPU Memory Management for Deep Learning,https://doi.org/10.1145/3373376.3378505,Publisher/author terms; citation only; no paper redistributed.,2026-09-21,scholarly paper,Publisher/author/arXiv record and available text; no executable internals imported.,Citation and comparison only,"Maximum closure, storage/recomputation tradeoffs, register/memory allocation, or peak-memory scheduling.",no,https://doi.org/10.1145/3373376.3378505,"Bibliographic metadata and relevance screen; used as contextual citation, not by itself as an exhaustive novelty or subsumption proof."
fradet23,Sequential Scheduling of Dataflow Graphs for Memory Peak Minimization,https://doi.org/10.1145/3589610.3596280,Publisher/author terms; citation only; no paper redistributed.,2026-09-21,scholarly paper,Publisher/author/arXiv record and available text; no executable internals imported.,Citation and comparison only,"Maximum closure, storage/recomputation tradeoffs, register/memory allocation, or peak-memory scheduling.",no,https://doi.org/10.1145/3589610.3596280,Available full text and task-graph transformation/peak-memory passages were examined.
scratchpad09,Compiler-Decided Dynamic Memory Allocation for Scratch-Pad Based Embedded Systems,https://doi.org/10.1145/951710.951747,Publisher/author terms; citation only; no paper redistributed.,2026-09-21,scholarly paper,Publisher/author/arXiv record and available text; no executable internals imported.,Citation and comparison only,"Maximum closure, storage/recomputation tradeoffs, register/memory allocation, or peak-memory scheduling.",no,https://doi.org/10.1145/951710.951747,"Official ACM CASES 2003 record checked; corrected venue, year, and DOI."
scratchshare17,A Locality-Aware Memory Hierarchy for Energy-Efficient GPU Architectures,https://doi.org/10.1145/2540708.2540717,Publisher/author terms; citation only; no paper redistributed.,2026-09-21,scholarly paper,Publisher/author/arXiv record and available text; no executable internals imported.,Citation and comparison only,"Maximum closure, storage/recomputation tradeoffs, register/memory allocation, or peak-memory scheduling.",no,https://doi.org/10.1145/2540708.2540717,Official ACM MICRO 2013 record checked; corrected venue and DOI.
schedchron25,"Scheduling Language Chronology: Past, Present, and Future",https://doi.org/10.1145/3743135,Publisher/author terms; citation only; no paper redistributed.,2026-09-21,scholarly paper,Publisher/author/arXiv record and available text; no executable internals imported.,Citation and comparison only,"Algorithm/schedule separation, scheduling-language contracts, tensor scheduling, or current user-schedulable compilation context.",no,https://doi.org/10.1145/3743135,"Current TACO article metadata, complete structure, taxonomy/chronology thesis, and scheduling-language interface framing were screened."
hardboiled26,Pushing Tensor Accelerators beyond MatMul in a User-Schedulable Language,https://doi.org/10.1109/CGO68049.2026.11395214,Publisher/author terms; citation only; no paper redistributed.,2026-09-21,scholarly paper,Publisher/author/arXiv record and available text; no executable internals imported.,Citation and comparison only,"Algorithm/schedule separation, scheduling-language contracts, tensor scheduling, or current user-schedulable compilation context.",no,https://doi.org/10.1109/CGO68049.2026.11395214,"CGO 2026 paper/preprint metadata and full available text were screened for user schedules, tensor instruction selection, and atomic scheduling context."
prism26,Modular GPU Programming with Typed Perspectives,https://doi.org/10.1145/3808290,Publisher/author terms; citation only; no paper redistributed.,2026-09-21,scholarly preprint,Publisher/author/arXiv record and available text; no executable internals imported.,Citation and comparison only,"Algorithm/schedule separation, scheduling-language contracts, tensor scheduling, or current user-schedulable compilation context.",no,https://doi.org/10.1145/3808290,"Published PLDI 2026 metadata, DOI, available paper text, and typed shared-memory/interface framing were rechecked; conference page marks it a Distinguished Paper."
atl26,A Mechanized Algebra of Verified Data Structures for Optimizing Sparse Tensor Programs,https://doi.org/10.1145/3808261,Publisher/author terms; citation only; no paper redistributed.,2026-09-21,scholarly paper,Publisher/conference record and available text; no executable internals imported.,Citation and comparison only,Verified sparse tensor data structures and optimization provide a current mechanized comparison boundary.,no,https://doi.org/10.1145/3808261,"Published PLDI 2026 metadata and available substantive description were rechecked; cited only for its mechanized sparse-tensor scope, not as evidence about this artifact."
template,ACM acmart class and ACM-Reference-Format bibliography style,https://www.acm.org/publications/authors/submissions,LPPL/upstream notice retained in paper/LICENSE-acmart.txt; no font files redistributed.,2026-09-21,publisher template,Supplied matched TEMPLATE.zip; structure and files inspected.,Unmodified class and bibliography style in paper package,Anonymous ACM small-journal review layout; not a scientific result.,no,paper/acmart.cls; paper/ACM-Reference-Format.bst; paper/LICENSE-acmart.txt,Exact supplied assets retained; build uses native options only.
taco-guidelines,ACM Transactions on Architecture and Code Optimization author guidelines,https://dl.acm.org/journal/taco/author-guidelines,Publisher web content; no page redistributed.,2026-09-21,official rule,First-party indexed text and matched project brief; direct page may deny automated retrieval.,Planning/layout only; not bibliography,Original/revised page-limit planning and journal submission family.,no,Official TACO author-guidelines URL,The internal packet follows the matched brief and supplied class; all external-use rules must be rechecked by accountable authors before submission.
acm-authorship,ACM authorship and generative-AI policy,https://www.acm.org/publications/policies/new-acm-policy-on-authorship,Publisher web content; no page redistributed.,2026-09-21,official policy,Publisher policy record and indexed text.,Truthful Methods disclosure and external-use hold,Substantive research assistance and human accountability must be disclosed and audited before external use.,no,Official ACM policy URL,Venue-specific and current policy details require final human recheck.
python-runtime,Python standard-library runtime,https://docs.python.org/3/,PSF license; runtime not bundled.,2026-09-21,runtime,Preinstalled local runtime; no dependency installation.,Execution only,Standalone artifact uses only the Python standard library.,no,https://docs.python.org/3/license.html,"No external baseline implementation, solver, model, or data service is invoked."
karp72,Reducibility Among Combinatorial Problems,https://doi.org/10.1007/978-1-4684-2001-2_9,Publisher/author terms; citation only; no paper redistributed.,2026-09-21,scholarly paper,Publisher record and available chapter metadata; no executable internals imported.,Citation and comparison only,Canonical NP-completeness of Set Cover for the minimum-restoration-witness reduction.,no,https://doi.org/10.1007/978-1-4684-2001-2_9,Springer chapter record and Set Cover role checked; the manuscript provides a self-contained specialized reduction.
