citation_key,title,year,venue,identifier,verification_level,verification_source,access_date,relevance_bucket,calibration_cohort,manuscript_use,metadata_status,verification_note
halide12,Decoupling Algorithms from Schedules for Easy Optimization of Image Processing Pipelines,2012,ACM Transactions on Graphics,10.1145/2185520.2185528,substantive-text-checked,https://doi.org/10.1145/2185520.2185528,2026-09-21,schedule-languages-and-tensor-compilers,influential-full-paper,"Algorithm/schedule separation, scheduling-language contracts, tensor scheduling, or current user-schedulable compilation context.",verified,"Author-copy/full-text passages on algorithm/schedule separation, schedule semantics, storage, and lowering were examined; bibliographic record verified."
halide13,"Halide: A Language and Compiler for Optimizing Parallelism, Locality, and Recomputation in Image Processing Pipelines",2013,Proceedings of the 34th ACM SIGPLAN Conference on Programming Language Design and Implementation,10.1145/2491956.2462176,full-paper-structural-calibration,https://doi.org/10.1145/2491956.2462176,2026-09-21,schedule-languages-and-tensor-compilers,influential-full-paper,"Algorithm/schedule separation, scheduling-language contracts, tensor scheduling, or current user-schedulable compilation context.",verified,"Paper-level structure, motivating problem, contribution, evidence pattern, and narrative role screened for the calibration matrix; exact technical claims remain limited to the cited comparison."
halide18,Halide: Decoupling Algorithms from Schedules for High-Performance Image Processing,2018,Communications of the ACM,10.1145/3150211,metadata-and-relevance-checked,https://doi.org/10.1145/3150211,2026-09-21,schedule-languages-and-tensor-compilers,contextual-reference,"Algorithm/schedule separation, scheduling-language contracts, tensor scheduling, or current user-schedulable compilation context.",verified,"Bibliographic metadata and relevance screen; used as contextual citation, not by itself as an exhaustive novelty or subsumption proof."
halidesched16,Automatically Scheduling Halide Image Processing Pipelines,2016,ACM Transactions on Graphics,10.1145/2897824.2925952,metadata-and-relevance-checked,https://doi.org/10.1145/2897824.2925952,2026-09-21,schedule-languages-and-tensor-compilers,contextual-reference,"Algorithm/schedule separation, scheduling-language contracts, tensor scheduling, or current user-schedulable compilation context.",verified,"Bibliographic metadata and relevance screen; used as contextual citation, not by itself as an exhaustive novelty or subsumption proof."
halidelearn19,Learning to Optimize Halide with Tree Search and Random Programs,2019,ACM Transactions on Graphics,10.1145/3306346.3322967,metadata-and-relevance-checked,https://doi.org/10.1145/3306346.3322967,2026-09-21,schedule-languages-and-tensor-compilers,contextual-reference,"Algorithm/schedule separation, scheduling-language contracts, tensor scheduling, or current user-schedulable compilation context.",verified,"Bibliographic metadata and relevance screen; used as contextual citation, not by itself as an exhaustive novelty or subsumption proof."
polymage15,PolyMage: Automatic Optimization for Image Processing Pipelines,2015,Proceedings of the Twentieth International Conference on Architectural Support for Programming Languages and Operating Systems,10.1145/2694344.2694364,substantive-text-checked,https://doi.org/10.1145/2694344.2694364,2026-09-21,schedule-languages-and-tensor-compilers,contextual-reference,"Algorithm/schedule separation, scheduling-language contracts, tensor scheduling, or current user-schedulable compilation context.",verified,"Official DOI and author/project material confirm ASPLOS 2015, pages 429--443; bibliographic metadata and substantive compiler framing rechecked."
tiramisu19,Tiramisu: A Polyhedral Compiler for Expressing Fast and Portable Code,2019,2019 IEEE/ACM International Symposium on Code Generation and Optimization,10.1109/CGO.2019.8661197,metadata-and-relevance-checked,https://doi.org/10.1109/CGO.2019.8661197,2026-09-21,schedule-languages-and-tensor-compilers,contextual-reference,"Algorithm/schedule separation, scheduling-language contracts, tensor scheduling, or current user-schedulable compilation context.",verified,"Bibliographic metadata and relevance screen; used as contextual citation, not by itself as an exhaustive novelty or subsumption proof."
tvm18,TVM: An Automated End-to-End Optimizing Compiler for Deep Learning,2018,13th USENIX Symposium on Operating Systems Design and Implementation,https://www.usenix.org/conference/osdi18/presentation/chen,full-paper-structural-calibration,https://www.usenix.org/conference/osdi18/presentation/chen,2026-09-21,schedule-languages-and-tensor-compilers,influential-full-paper,"Algorithm/schedule separation, scheduling-language contracts, tensor scheduling, or current user-schedulable compilation context.",verified,"Official USENIX paper page, full paper link, authors, venue, year, and pages rechecked; paper-level structure screened for the calibration matrix."
ansor20,Ansor: Generating High-Performance Tensor Programs for Deep Learning,2020,14th USENIX Symposium on Operating Systems Design and Implementation,https://www.usenix.org/conference/osdi20/presentation/zheng,metadata-and-relevance-checked,https://www.usenix.org/conference/osdi20/presentation/zheng,2026-09-21,schedule-languages-and-tensor-compilers,contextual-reference,"Algorithm/schedule separation, scheduling-language contracts, tensor scheduling, or current user-schedulable compilation context.",verified,"Official USENIX paper page, full paper link, authors, venue, year, and pages rechecked; used for contextual schedule-search comparison."
tensorir23,TensorIR: An Abstraction for Automatic Tensorized Program Optimization,2023,Proceedings of the 28th ACM International Conference on Architectural Support for Programming Languages and Operating Systems,10.1145/3575693.3576933,metadata-and-relevance-checked,https://doi.org/10.1145/3575693.3576933,2026-09-21,schedule-languages-and-tensor-compilers,contextual-reference,"Algorithm/schedule separation, scheduling-language contracts, tensor scheduling, or current user-schedulable compilation context.",verified,"Bibliographic metadata and relevance screen; used as contextual citation, not by itself as an exhaustive novelty or subsumption proof."
exo22,Exocompilation for Productive Programming of Hardware Accelerators,2022,Proceedings of the 43rd ACM SIGPLAN International Conference on Programming Language Design and Implementation,10.1145/3519939.3523446,metadata-and-relevance-checked,https://doi.org/10.1145/3519939.3523446,2026-09-21,schedule-languages-and-tensor-compilers,contextual-reference,"Algorithm/schedule separation, scheduling-language contracts, tensor scheduling, or current user-schedulable compilation context.",verified,"Bibliographic metadata and relevance screen; used as contextual citation, not by itself as an exhaustive novelty or subsumption proof."
exo225,Exo 2: Growing a Scheduling Language,2025,Proceedings of the 30th ACM International Conference on Architectural Support for Programming Languages and Operating Systems,10.1145/3669940.3707218,full-paper-structural-calibration,https://doi.org/10.1145/3669940.3707218,2026-09-21,schedule-languages-and-tensor-compilers,adjacent-full-paper,"Algorithm/schedule separation, scheduling-language contracts, tensor scheduling, or current user-schedulable compilation context.",verified,"Paper-level structure, motivating problem, contribution, evidence pattern, and narrative role screened for the calibration matrix; exact technical claims remain limited to the cited comparison."
atl22,Verified Tensor-Program Optimization Via High-Level Scheduling Rewrites,2022,Proceedings of the ACM on Programming Languages,10.1145/3498717,substantive-text-checked,https://doi.org/10.1145/3498717,2026-09-21,compiler-correctness-and-verification,influential-full-paper,"Compiler correctness, proof-carrying code, translation validation, or verified tensor-schedule comparison.",verified,Available full text and theorem/interface descriptions were examined for verified high-level scheduling rewrites.
atl24,A Verified Compiler for a Functional Tensor Language,2024,Proceedings of the ACM on Programming Languages,10.1145/3656390,substantive-text-checked,https://doi.org/10.1145/3656390,2026-09-21,compiler-correctness-and-verification,adjacent-full-paper,"Compiler correctness, proof-carrying code, translation validation, or verified tensor-schedule comparison.",verified,Available full text and selected lowering/memory-model passages were examined for verified imperative compilation.
halidetv22,End-to-End Translation Validation for the Halide Language,2022,Proceedings of the ACM on Programming Languages,10.1145/3527328,substantive-text-checked,https://doi.org/10.1145/3527328,2026-09-21,compiler-correctness-and-verification,adjacent-full-paper,"Compiler correctness, proof-carrying code, translation validation, or verified tensor-schedule comparison.",verified,"Available full text and selected source-correspondence, stored-value, and validation passages were examined."
haliver24,HaliVer: Deductive Verification and Scheduling Languages Join Forces,2024,Tools and Algorithms for the Construction and Analysis of Systems,10.1007/978-3-031-57256-2_4,substantive-text-checked,https://doi.org/10.1007/978-3-031-57256-2_4,2026-09-21,compiler-correctness-and-verification,adjacent-full-paper,"Compiler correctness, proof-carrying code, translation validation, or verified tensor-schedule comparison.",verified,Available paper record and substantive method/guarantee descriptions were examined.
taco17,The Tensor Algebra Compiler,2017,Proceedings of the ACM on Programming Languages,10.1145/3133901,full-paper-structural-calibration,https://doi.org/10.1145/3133901,2026-09-21,tensor-representations-and-sparse-compilation,influential-full-paper,"Tensor compiler representations, storage formats, sparse iteration, code generation, or memory organization.",verified,"Paper-level structure, motivating problem, contribution, evidence pattern, and narrative role screened for the calibration matrix; exact technical claims remain limited to the cited comparison."
format18,Format Abstraction for Sparse Tensor Algebra Compilers,2018,Proceedings of the ACM on Programming Languages,10.1145/3276493,metadata-and-relevance-checked,https://doi.org/10.1145/3276493,2026-09-21,tensor-representations-and-sparse-compilation,contextual-reference,"Tensor compiler representations, storage formats, sparse iteration, code generation, or memory organization.",verified,"Bibliographic metadata and relevance screen; used as contextual citation, not by itself as an exhaustive novelty or subsumption proof."
looplets23,Looplets: A Language for Structured Coiteration,2023,2023 IEEE/ACM International Symposium on Code Generation and Optimization,10.1145/3579990.3580020,metadata-and-relevance-checked,https://doi.org/10.1145/3579990.3580020,2026-09-21,tensor-representations-and-sparse-compilation,contextual-reference,"Tensor compiler representations, storage formats, sparse iteration, code generation, or memory organization.",verified,"Bibliographic metadata and relevance screen; used as contextual citation, not by itself as an exhaustive novelty or subsumption proof."
sparsemlir22,Compiler Support for Sparse Tensor Computations in MLIR,2022,ACM Transactions on Architecture and Code Optimization,10.1145/3544559,full-paper-structural-calibration,https://doi.org/10.1145/3544559,2026-09-21,tensor-representations-and-sparse-compilation,TACO-full-paper,"Tensor compiler representations, storage formats, sparse iteration, code generation, or memory organization.",verified,"Paper-level structure, motivating problem, contribution, evidence pattern, and narrative role screened for the calibration matrix; exact technical claims remain limited to the cited comparison."
sparsetir23,SparseTIR: Composable Abstractions for Sparse Compilation in Deep Learning,2023,Proceedings of the 28th ACM International Conference on Architectural Support for Programming Languages and Operating Systems,10.1145/3582016.3582047,substantive-text-checked,https://doi.org/10.1145/3582016.3582047,2026-09-21,tensor-representations-and-sparse-compilation,contextual-reference,"Tensor compiler representations, storage formats, sparse iteration, code generation, or memory organization.",verified,Official DOI metadata and available full-text framing were rechecked for sparse compilation abstractions.
sam23,The Sparse Abstract Machine,2023,Proceedings of the 28th ACM International Conference on Architectural Support for Programming Languages and Operating Systems,10.1145/3582016.3582051,metadata-and-relevance-checked,https://doi.org/10.1145/3582016.3582051,2026-09-21,tensor-representations-and-sparse-compilation,contextual-reference,"Tensor compiler representations, storage formats, sparse iteration, code generation, or memory organization.",verified,"Bibliographic metadata and relevance screen; used as contextual citation, not by itself as an exhaustive novelty or subsumption proof."
unified23,Unified Buffer: Compiling Image Processing and Machine Learning Applications to Push-Memory Accelerators,2023,ACM Transactions on Architecture and Code Optimization,10.1145/3572908,full-paper-structural-calibration,https://doi.org/10.1145/3572908,2026-09-21,tensor-representations-and-sparse-compilation,TACO-full-paper,"Tensor compiler representations, storage formats, sparse iteration, code generation, or memory organization.",verified,"Paper-level structure, motivating problem, contribution, evidence pattern, and narrative role screened for the calibration matrix; exact technical claims remain limited to the cited comparison."
next700,"The Next 700 Accelerated Layers: From Mathematical Expressions of Network Computation Graphs to Accelerated GPU Kernels, Automatically",2020,ACM Transactions on Architecture and Code Optimization,10.1145/3355606,full-paper-structural-calibration,https://doi.org/10.1145/3355606,2026-09-21,tensor-representations-and-sparse-compilation,TACO-full-paper,"Tensor compiler representations, storage formats, sparse iteration, code generation, or memory organization.",verified,"Paper-level structure, motivating problem, contribution, evidence pattern, and narrative role screened for the calibration matrix; exact technical claims remain limited to the cited comparison."
generalized18,High-Performance Generalized Tensor Operations: A Compiler-Oriented Approach,2018,ACM Transactions on Architecture and Code Optimization,10.1145/3235029,full-paper-structural-calibration,https://doi.org/10.1145/3235029,2026-09-21,tensor-representations-and-sparse-compilation,TACO-full-paper,"Tensor compiler representations, storage formats, sparse iteration, code generation, or memory organization.",verified,"Paper-level structure, motivating problem, contribution, evidence pattern, and narrative role screened for the calibration matrix; exact technical claims remain limited to the cited comparison."
sparsepoly23,Polyhedral Specification and Code Generation of Sparse Tensor Contraction with Co-iteration,2023,ACM Transactions on Architecture and Code Optimization,10.1145/3566054,metadata-and-relevance-checked,https://doi.org/10.1145/3566054,2026-09-21,tensor-representations-and-sparse-compilation,contextual-reference,"Tensor compiler representations, storage formats, sparse iteration, code generation, or memory organization.",verified,"Paper-level structure, motivating problem, contribution, evidence pattern, and narrative role screened for the calibration matrix; exact technical claims remain limited to the cited comparison."
const24,CoNST: Code Generator for Sparse Tensor Networks,2024,ACM Transactions on Architecture and Code Optimization,10.1145/3689342,metadata-and-relevance-checked,https://doi.org/10.1145/3689342,2026-09-21,tensor-representations-and-sparse-compilation,contextual-reference,"Tensor compiler representations, storage formats, sparse iteration, code generation, or memory organization.",verified,"Paper-level structure, motivating problem, contribution, evidence pattern, and narrative role screened for the calibration matrix; exact technical claims remain limited to the cited comparison."
xengine23,XEngine: Optimal Tensor Rematerialization for Neural Networks in Heterogeneous Environments,2023,ACM Transactions on Architecture and Code Optimization,10.1145/3568956,metadata-and-relevance-checked,https://doi.org/10.1145/3568956,2026-09-21,tensor-representations-and-sparse-compilation,contextual-reference,"Tensor compiler representations, storage formats, sparse iteration, code generation, or memory organization.",verified,"Paper-level structure, motivating problem, contribution, evidence pattern, and narrative role screened for the calibration matrix; exact technical claims remain limited to the cited comparison."
autovesk24,Autovesk: Automatic Vectorized Code Generation from Unstructured Static Kernels Using Graph Transformations,2024,ACM Transactions on Architecture and Code Optimization,10.1145/3631709,metadata-and-relevance-checked,https://doi.org/10.1145/3631709,2026-09-21,tensor-representations-and-sparse-compilation,contextual-reference,"Tensor compiler representations, storage formats, sparse iteration, code generation, or memory organization.",verified,"Paper-level structure, motivating problem, contribution, evidence pattern, and narrative role screened for the calibration matrix; exact technical claims remain limited to the cited comparison."
nonlinear16,The Polyhedral Model of Nonlinear Loops,2016,ACM Transactions on Architecture and Code Optimization,10.1145/2838734,full-paper-structural-calibration,https://doi.org/10.1145/2838734,2026-09-21,polyhedral-scheduling-and-infrastructure,TACO-full-paper,"Affine/polyhedral scheduling, compiler infrastructure, or transformation-composition context.",verified,"Paper-level structure, motivating problem, contribution, evidence pattern, and narrative role screened for the calibration matrix; exact technical claims remain limited to the cited comparison."
iterative17,Iterative Schedule Optimization for Parallelization in the Polyhedron Model,2017,ACM Transactions on Architecture and Code Optimization,10.1145/3109482,full-paper-structural-calibration,https://doi.org/10.1145/3109482,2026-09-21,polyhedral-scheduling-and-infrastructure,TACO-full-paper,"Affine/polyhedral scheduling, compiler infrastructure, or transformation-composition context.",verified,"Paper-level structure, motivating problem, contribution, evidence pattern, and narrative role screened for the calibration matrix; exact technical claims remain limited to the cited comparison."
surrogate19,Speeding up Iterative Polyhedral Schedule Optimization with Surrogate Performance Models,2019,ACM Transactions on Architecture and Code Optimization,10.1145/3291773,full-paper-structural-calibration,https://doi.org/10.1145/3291773,2026-09-21,polyhedral-scheduling-and-infrastructure,TACO-full-paper,"Affine/polyhedral scheduling, compiler infrastructure, or transformation-composition context.",verified,"Paper-level structure, motivating problem, contribution, evidence pattern, and narrative role screened for the calibration matrix; exact technical claims remain limited to the cited comparison."
exastencils19,Polyhedral Search Space Exploration in the ExaStencils Code Generator,2019,ACM Transactions on Architecture and Code Optimization,10.1145/3274653,full-paper-structural-calibration,https://doi.org/10.1145/3274653,2026-09-21,polyhedral-scheduling-and-infrastructure,TACO-full-paper,"Affine/polyhedral scheduling, compiler infrastructure, or transformation-composition context.",verified,"Paper-level structure, motivating problem, contribution, evidence pattern, and narrative role screened for the calibration matrix; exact technical claims remain limited to the cited comparison."
autotune19,An Autotuning Framework for Scalable Execution of Tiled Code via Iterative Polyhedral Compilation,2019,ACM Transactions on Architecture and Code Optimization,10.1145/3293449,full-paper-structural-calibration,https://doi.org/10.1145/3293449,2026-09-21,polyhedral-scheduling-and-infrastructure,TACO-full-paper,"Affine/polyhedral scheduling, compiler infrastructure, or transformation-composition context.",verified,"Paper-level structure, motivating problem, contribution, evidence pattern, and narrative role screened for the calibration matrix; exact technical claims remain limited to the cited comparison."
flextiles20,Flextended Tiles: A Flexible Extension of Overlapped Tiles for Polyhedral Compilation,2020,ACM Transactions on Architecture and Code Optimization,10.1145/3369382,full-paper-structural-calibration,https://doi.org/10.1145/3369382,2026-09-21,polyhedral-scheduling-and-infrastructure,TACO-full-paper,"Affine/polyhedral scheduling, compiler infrastructure, or transformation-composition context.",verified,"Paper-level structure, motivating problem, contribution, evidence pattern, and narrative role screened for the calibration matrix; exact technical claims remain limited to the cited comparison."
instrumented20,Building a Polyhedral Representation from an Instrumented Execution: Making Dynamic Analyses of Nonaffine Programs Scalable,2020,ACM Transactions on Architecture and Code Optimization,10.1145/3363785,full-paper-structural-calibration,https://doi.org/10.1145/3363785,2026-09-21,polyhedral-scheduling-and-infrastructure,TACO-full-paper,"Affine/polyhedral scheduling, compiler infrastructure, or transformation-composition context.",verified,"Paper-level structure, motivating problem, contribution, evidence pattern, and narrative role screened for the calibration matrix; exact technical claims remain limited to the cited comparison."
polsurvey24,A Survey of General-Purpose Polyhedral Compilers,2024,ACM Transactions on Architecture and Code Optimization,10.1145/3674735,metadata-and-relevance-checked,https://doi.org/10.1145/3674735,2026-09-21,polyhedral-scheduling-and-infrastructure,contextual-reference,"Affine/polyhedral scheduling, compiler infrastructure, or transformation-composition context.",verified,"Bibliographic metadata and relevance screen; used as contextual citation, not by itself as an exhaustive novelty or subsumption proof."
pluto08,A Practical Automatic Polyhedral Parallelizer and Locality Optimizer,2008,Proceedings of the 29th ACM SIGPLAN Conference on Programming Language Design and Implementation,10.1145/1375581.1375595,metadata-and-relevance-checked,https://doi.org/10.1145/1375581.1375595,2026-09-21,polyhedral-scheduling-and-infrastructure,contextual-reference,"Affine/polyhedral scheduling, compiler infrastructure, or transformation-composition context.",verified,"Bibliographic metadata and relevance screen; used as contextual citation, not by itself as an exhaustive novelty or subsumption proof."
feautrier92a,Some Efficient Solutions to the Affine Scheduling Problem. Part I: One-Dimensional Time,1992,International Journal of Parallel Programming,10.1007/BF01407835,metadata-and-relevance-checked,https://doi.org/10.1007/BF01407835,2026-09-21,polyhedral-scheduling-and-infrastructure,contextual-reference,"Affine/polyhedral scheduling, compiler infrastructure, or transformation-composition context.",verified,"Bibliographic metadata and relevance screen; used as contextual citation, not by itself as an exhaustive novelty or subsumption proof."
feautrier92b,Some Efficient Solutions to the Affine Scheduling Problem. Part II: Multidimensional Time,1992,International Journal of Parallel Programming,10.1007/BF01379404,metadata-and-relevance-checked,https://doi.org/10.1007/BF01379404,2026-09-21,polyhedral-scheduling-and-infrastructure,contextual-reference,"Affine/polyhedral scheduling, compiler infrastructure, or transformation-composition context.",verified,"Bibliographic metadata and relevance screen; used as contextual citation, not by itself as an exhaustive novelty or subsumption proof."
isl10,isl: An Integer Set Library for the Polyhedral Model,2010,Mathematical Software - ICMS 2010,10.1007/978-3-642-15582-6_49,metadata-and-relevance-checked,https://doi.org/10.1007/978-3-642-15582-6_49,2026-09-21,polyhedral-scheduling-and-infrastructure,contextual-reference,"Affine/polyhedral scheduling, compiler infrastructure, or transformation-composition context.",verified,"Bibliographic metadata and relevance screen; used as contextual citation, not by itself as an exhaustive novelty or subsumption proof."
ppcg13,Polyhedral Parallel Code Generation for CUDA,2013,Compiler Construction,10.1007/978-3-642-37051-9_6,metadata-and-relevance-checked,https://doi.org/10.1007/978-3-642-37051-9_6,2026-09-21,polyhedral-scheduling-and-infrastructure,contextual-reference,"Affine/polyhedral scheduling, compiler infrastructure, or transformation-composition context.",verified,"Bibliographic metadata and relevance screen; used as contextual citation, not by itself as an exhaustive novelty or subsumption proof."
polly11,Polly-Performing Polyhedral Optimizations on a Low-Level Intermediate Representation,2012,Parallel Processing Letters,10.1142/S0129626412500107,metadata-and-relevance-checked,https://doi.org/10.1142/S0129626412500107,2026-09-21,polyhedral-scheduling-and-infrastructure,contextual-reference,"Affine/polyhedral scheduling, compiler infrastructure, or transformation-composition context.",verified,"Bibliographic metadata and relevance screen; used as contextual citation, not by itself as an exhaustive novelty or subsumption proof."
chill08,CHiLL: A Framework for Composing High-Level Loop Transformations,2008,Proceedings of the 2008 ACM/IEEE Conference on Supercomputing,10.1109/SC.2008.5213920,metadata-and-relevance-checked,https://doi.org/10.1109/SC.2008.5213920,2026-09-21,polyhedral-scheduling-and-infrastructure,contextual-reference,"Affine/polyhedral scheduling, compiler infrastructure, or transformation-composition context.",verified,"Bibliographic metadata and relevance screen; used as contextual citation, not by itself as an exhaustive novelty or subsumption proof."
mlir21,MLIR: Scaling Compiler Infrastructure for Domain Specific Computation,2021,2021 IEEE/ACM International Symposium on Code Generation and Optimization,10.1109/CGO51591.2021.9370308,metadata-and-relevance-checked,https://doi.org/10.1109/CGO51591.2021.9370308,2026-09-21,polyhedral-scheduling-and-infrastructure,contextual-reference,"Affine/polyhedral scheduling, compiler infrastructure, or transformation-composition context.",verified,"Bibliographic metadata and relevance screen; used as contextual citation, not by itself as an exhaustive novelty or subsumption proof."
lift17,LIFT: A Functional Data-Parallel IR for High-Performance GPU Code Generation,2017,2017 IEEE/ACM International Symposium on Code Generation and Optimization,10.1109/CGO.2017.7863730,metadata-and-relevance-checked,https://doi.org/10.1109/CGO.2017.7863730,2026-09-21,polyhedral-scheduling-and-infrastructure,contextual-reference,"Affine/polyhedral scheduling, compiler infrastructure, or transformation-composition context.",verified,"Bibliographic metadata and relevance screen; used as contextual citation, not by itself as an exhaustive novelty or subsumption proof."
dace19,Stateful Dataflow Multigraphs: A Data-Centric Model for Performance Portability on Heterogeneous Architectures,2019,"Proceedings of the International Conference for High Performance Computing, Networking, Storage and Analysis",10.1145/3295500.3356173,metadata-and-relevance-checked,https://doi.org/10.1145/3295500.3356173,2026-09-21,polyhedral-scheduling-and-infrastructure,contextual-reference,"Affine/polyhedral scheduling, compiler infrastructure, or transformation-composition context.",verified,"Bibliographic metadata and relevance screen; used as contextual citation, not by itself as an exhaustive novelty or subsumption proof."
distal22,DISTAL: The Distributed Tensor Algebra Compiler,2022,Proceedings of the ACM on Programming Languages,10.1145/3527335,metadata-and-relevance-checked,https://doi.org/10.1145/3527335,2026-09-21,polyhedral-scheduling-and-infrastructure,contextual-reference,"Affine/polyhedral scheduling, compiler infrastructure, or transformation-composition context.",verified,"Official ACM metadata and author PDF checked; Proc. ACM Program. Lang. 6 (OOPSLA1), Article 90, DOI corrected from an unrelated record."
translation98,Translation Validation,1998,Tools and Algorithms for the Construction and Analysis of Systems,10.1007/BFb0054170,metadata-and-relevance-checked,https://doi.org/10.1007/BFb0054170,2026-09-21,compiler-correctness-and-verification,contextual-reference,"Compiler correctness, proof-carrying code, translation validation, or verified tensor-schedule comparison.",verified,"Bibliographic metadata and relevance screen; used as contextual citation, not by itself as an exhaustive novelty or subsumption proof."
pcc97,Proof-Carrying Code,1997,Proceedings of the 24th ACM SIGPLAN-SIGACT Symposium on Principles of Programming Languages,10.1145/263699.263712,metadata-and-relevance-checked,https://doi.org/10.1145/263699.263712,2026-09-21,compiler-correctness-and-verification,contextual-reference,"Compiler correctness, proof-carrying code, translation validation, or verified tensor-schedule comparison.",verified,"Bibliographic metadata and relevance screen; used as contextual citation, not by itself as an exhaustive novelty or subsumption proof."
compcert09,Formal Verification of a Realistic Compiler,2009,Communications of the ACM,10.1145/1538788.1538814,metadata-and-relevance-checked,https://doi.org/10.1145/1538788.1538814,2026-09-21,compiler-correctness-and-verification,contextual-reference,"Compiler correctness, proof-carrying code, translation validation, or verified tensor-schedule comparison.",verified,"Bibliographic metadata and relevance screen; used as contextual citation, not by itself as an exhaustive novelty or subsumption proof."
alive15,Provably Correct Peephole Optimizations with Alive,2015,Proceedings of the 36th ACM SIGPLAN Conference on Programming Language Design and Implementation,10.1145/2737924.2737965,metadata-and-relevance-checked,https://doi.org/10.1145/2737924.2737965,2026-09-21,compiler-correctness-and-verification,contextual-reference,"Compiler correctness, proof-carrying code, translation validation, or verified tensor-schedule comparison.",verified,"Bibliographic metadata and relevance screen; used as contextual citation, not by itself as an exhaustive novelty or subsumption proof."
alive221,Alive2: Bounded Translation Validation for LLVM,2021,Proceedings of the 42nd ACM SIGPLAN International Conference on Programming Language Design and Implementation,10.1145/3453483.3454030,metadata-and-relevance-checked,https://doi.org/10.1145/3453483.3454030,2026-09-21,compiler-correctness-and-verification,contextual-reference,"Compiler correctness, proof-carrying code, translation validation, or verified tensor-schedule comparison.",verified,"Bibliographic metadata and relevance screen; used as contextual citation, not by itself as an exhaustive novelty or subsumption proof."
dpor05,Dynamic Partial-Order Reduction for Model Checking Software,2005,Proceedings of the 32nd ACM SIGPLAN-SIGACT Symposium on Principles of Programming Languages,10.1145/1040305.1040315,metadata-and-relevance-checked,https://doi.org/10.1145/1040305.1040315,2026-09-21,partial-order-and-value-equivalence,contextual-reference,"Partial-order exploration, trace equivalence, and the distinction between provenance and value equivalence.",verified,"Bibliographic metadata and relevance screen; used as contextual citation, not by itself as an exhaustive novelty or subsumption proof."
sourcedpor14,Optimal Dynamic Partial Order Reduction,2014,Proceedings of the 41st ACM SIGPLAN-SIGACT Symposium on Principles of Programming Languages,10.1145/2535838.2535845,metadata-and-relevance-checked,https://doi.org/10.1145/2535838.2535845,2026-09-21,partial-order-and-value-equivalence,contextual-reference,"Partial-order exploration, trace equivalence, and the distinction between provenance and value equivalence.",verified,"Bibliographic metadata and relevance screen; used as contextual citation, not by itself as an exhaustive novelty or subsumption proof."
optimaldpor17,Stateless Model Checking for TSO and PSO,2017,Acta Informatica,10.1007/s00236-016-0275-0,metadata-and-relevance-checked,https://doi.org/10.1007/s00236-016-0275-0,2026-09-21,partial-order-and-value-equivalence,contextual-reference,"Partial-order exploration, trace equivalence, and the distinction between provenance and value equivalence.",verified,"Bibliographic metadata and relevance screen; used as contextual citation, not by itself as an exhaustive novelty or subsumption proof."
value19,Value-Centric Dynamic Partial Order Reduction,2019,Proceedings of the ACM on Programming Languages,10.1145/3360550,substantive-text-checked,https://doi.org/10.1145/3360550,2026-09-21,partial-order-and-value-equivalence,contextual-reference,"Partial-order exploration, trace equivalence, and the distinction between provenance and value equivalence.",verified,Available full text and selected model/guarantee passages were examined for value-centric order equivalence.
picard76,Maximal Closure of a Graph and Applications to Combinatorial Problems,1976,Management Science,10.1287/mnsc.22.11.1268,substantive-text-checked,https://doi.org/10.1287/mnsc.22.11.1268,2026-09-21,memory-scheduling-and-allocation,contextual-reference,"Maximum closure, storage/recomputation tradeoffs, register/memory allocation, or peak-memory scheduling.",verified,Publisher metadata and the classical maximum-closure statement were checked; the paper supplies its own self-contained reduction proof.
hongkung81,I/O Complexity: The Red-Blue Pebble Game,1981,Proceedings of the 13th Annual ACM Symposium on Theory of Computing,10.1145/800076.802486,metadata-and-relevance-checked,https://doi.org/10.1145/800076.802486,2026-09-21,memory-scheduling-and-allocation,contextual-reference,"Maximum closure, storage/recomputation tradeoffs, register/memory allocation, or peak-memory scheduling.",verified,"Bibliographic metadata and relevance screen; used as contextual citation, not by itself as an exhaustive novelty or subsumption proof."
sethi75,Complete Register Allocation Problems,1975,SIAM Journal on Computing,10.1137/0204020,metadata-and-relevance-checked,https://doi.org/10.1137/0204020,2026-09-21,memory-scheduling-and-allocation,contextual-reference,"Maximum closure, storage/recomputation tradeoffs, register/memory allocation, or peak-memory scheduling.",verified,"Bibliographic metadata and relevance screen; used as contextual citation, not by itself as an exhaustive novelty or subsumption proof."
chaitin81,Register Allocation via Coloring,1981,Computer Languages,10.1016/0096-0551(81)90048-5,metadata-and-relevance-checked,https://doi.org/10.1016/0096-0551(81)90048-5,2026-09-21,memory-scheduling-and-allocation,contextual-reference,"Maximum closure, storage/recomputation tradeoffs, register/memory allocation, or peak-memory scheduling.",verified,"Bibliographic metadata and relevance screen; used as contextual citation, not by itself as an exhaustive novelty or subsumption proof."
chen16,Training Deep Nets with Sublinear Memory Cost,2016,arXiv,https://arxiv.org/abs/1604.06174,metadata-and-relevance-checked,https://arxiv.org/abs/1604.06174,2026-09-21,memory-scheduling-and-allocation,contextual-reference,"Maximum closure, storage/recomputation tradeoffs, register/memory allocation, or peak-memory scheduling.",verified,"Bibliographic metadata and relevance screen; used as contextual citation, not by itself as an exhaustive novelty or subsumption proof."
checkmate20,Checkmate: Breaking the Memory Wall with Optimal Tensor Rematerialization,2020,Proceedings of Machine Learning and Systems,https://proceedings.mlsys.org/paper_files/paper/2020/hash/0b816ae8f06f8dd3543dc3d9ef196cab-Abstract.html,substantive-text-checked,https://proceedings.mlsys.org/paper_files/paper/2020/hash/0b816ae8f06f8dd3543dc3d9ef196cab-Abstract.html,2026-09-21,memory-scheduling-and-allocation,contextual-reference,"Maximum closure, storage/recomputation tradeoffs, register/memory allocation, or peak-memory scheduling.",verified,Official MLSys proceedings metadata and available full text were examined; used only for rematerialization context.
dtr20,Dynamic Tensor Rematerialization,2021,International Conference on Learning Representations,https://openreview.net/forum?id=Vfs_2RnOD0H,substantive-text-checked,https://openreview.net/forum?id=Vfs_2RnOD0H,2026-09-21,memory-scheduling-and-allocation,contextual-reference,"Maximum closure, storage/recomputation tradeoffs, register/memory allocation, or peak-memory scheduling.",verified,Official ICLR/OpenReview record and author-hosted full text were examined; used only for dynamic rematerialization context.
capuchin20,Capuchin: Tensor-Based GPU Memory Management for Deep Learning,2020,Proceedings of the 25th ACM International Conference on Architectural Support for Programming Languages and Operating Systems,10.1145/3373376.3378505,metadata-and-relevance-checked,https://doi.org/10.1145/3373376.3378505,2026-09-21,memory-scheduling-and-allocation,contextual-reference,"Maximum closure, storage/recomputation tradeoffs, register/memory allocation, or peak-memory scheduling.",verified,"Bibliographic metadata and relevance screen; used as contextual citation, not by itself as an exhaustive novelty or subsumption proof."
fradet23,Sequential Scheduling of Dataflow Graphs for Memory Peak Minimization,2023,"Proceedings of the 24th ACM SIGPLAN/SIGBED International Conference on Languages, Compilers, and Tools for Embedded Systems",10.1145/3589610.3596280,substantive-text-checked,https://doi.org/10.1145/3589610.3596280,2026-09-21,memory-scheduling-and-allocation,contextual-reference,"Maximum closure, storage/recomputation tradeoffs, register/memory allocation, or peak-memory scheduling.",verified,Available full text and task-graph transformation/peak-memory passages were examined.
scratchpad09,Compiler-Decided Dynamic Memory Allocation for Scratch-Pad Based Embedded Systems,2003,"Proceedings of the 2003 International Conference on Compilers, Architecture and Synthesis for Embedded Systems",10.1145/951710.951747,metadata-and-relevance-checked,https://doi.org/10.1145/951710.951747,2026-09-21,memory-scheduling-and-allocation,contextual-reference,"Maximum closure, storage/recomputation tradeoffs, register/memory allocation, or peak-memory scheduling.",verified,Official ACM conference record checked; the earlier ledger had conflated this paper with a different 2006 journal article.
scratchshare17,A Locality-Aware Memory Hierarchy for Energy-Efficient GPU Architectures,2013,Proceedings of the 46th Annual IEEE/ACM International Symposium on Microarchitecture,10.1145/2540708.2540717,metadata-and-relevance-checked,https://doi.org/10.1145/2540708.2540717,2026-09-21,memory-scheduling-and-allocation,contextual-reference,"Maximum closure, storage/recomputation tradeoffs, register/memory allocation, or peak-memory scheduling.",verified,Official ACM MICRO 2013 record checked; the earlier ledger used an unrelated IEEE Micro DOI.
schedchron25,"Scheduling Language Chronology: Past, Present, and Future",2025,ACM Transactions on Architecture and Code Optimization,10.1145/3743135,full-paper-structural-calibration,https://doi.org/10.1145/3743135,2026-09-21,schedule-languages-and-tensor-compilers,TACO-full-paper,"Algorithm/schedule separation, scheduling-language contracts, tensor scheduling, or current user-schedulable compilation context.",verified,"Current TACO article metadata, complete structure, taxonomy/chronology thesis, and scheduling-language interface framing were screened."
hardboiled26,Pushing Tensor Accelerators beyond MatMul in a User-Schedulable Language,2026,2026 IEEE/ACM International Symposium on Code Generation and Optimization,10.1109/CGO68049.2026.11395214,full-paper-structural-calibration,https://doi.org/10.1109/CGO68049.2026.11395214,2026-09-21,schedule-languages-and-tensor-compilers,adjacent-full-paper,"Algorithm/schedule separation, scheduling-language contracts, tensor scheduling, or current user-schedulable compilation context.",verified,"CGO 2026 paper/preprint metadata and full available text were screened for user schedules, tensor instruction selection, and atomic scheduling context."
prism26,Modular GPU Programming with Typed Perspectives,2026,Proceedings of the ACM on Programming Languages,10.1145/3808290,substantive-text-checked,https://doi.org/10.1145/3808290,2026-09-21,schedule-languages-and-tensor-compilers,latest-close,"Algorithm/schedule separation, scheduling-language contracts, tensor scheduling, or current user-schedulable compilation context.",verified,"Published PLDI 2026 metadata, DOI, available paper text, and typed shared-memory/interface framing were rechecked; conference page marks it a Distinguished Paper."
atl26,A Mechanized Algebra of Verified Data Structures for Optimizing Sparse Tensor Programs,2026,Proceedings of the ACM on Programming Languages,10.1145/3808261,substantive-text-checked,https://doi.org/10.1145/3808261,2026-09-21,compiler-correctness-and-verification,latest-close,Verified sparse tensor data structures and optimization provide a current mechanized comparison boundary.,verified,"Published PLDI 2026 metadata and available substantive description were rechecked; cited only for its mechanized sparse-tensor scope, not as evidence about this artifact."
karp72,Reducibility Among Combinatorial Problems,1972,Complexity of Computer Computations,10.1007/978-1-4684-2001-2_9,substantive-text-checked,https://doi.org/10.1007/978-1-4684-2001-2_9,2026-09-21,combinatorial-optimization,contextual-reference,Canonical NP-completeness source for Set Cover used in the minimum-restoration-witness reduction.,verified,Springer chapter record and the Set Cover NP-completeness role were checked; the manuscript gives the reduction specialized to restoration witnesses.
