family,dimension,layout,lanes,tiles,source_nodes,events,reads,persistent_cells,sum_scratch_cells,certified_peak_cells,sampled_peak_cells,single_rescuer_accepts,rescuers,flow_entries,certificate_bytes,producer_cpu_seconds,checker_cpu_seconds
pointwise,2,materialized,1,1,8,11,12,4,5,9,9,1,8,0,85,0.0,0.0
pointwise,2,tiled,1,1,8,11,12,4,5,9,9,1,8,0,85,0.0,0.0
pointwise,2,folded,1,1,8,11,12,4,3,7,7,1,8,0,85,0.0,0.0
pointwise,3,materialized,1,1,11,14,18,6,7,13,13,1,12,0,109,0.0,0.0
pointwise,3,tiled,1,2,11,17,18,6,8,11,11,1,12,3,138,0.0,0.0
pointwise,3,tiled,2,2,11,17,18,6,8,14,14,1,12,0,114,0.0,0.0
pointwise,3,folded,1,2,11,17,18,6,5,9,9,1,12,3,138,0.0,0.0
pointwise,3,folded,2,2,11,17,18,6,5,11,11,1,12,0,114,0.000999843999999861,0.0
pointwise,4,materialized,1,1,14,17,24,8,9,17,17,1,16,0,134,0.0,0.0
pointwise,4,tiled,1,2,14,20,24,8,10,13,13,1,16,3,164,0.0009997560000005734,0.0
pointwise,4,tiled,2,2,14,20,24,8,10,18,18,1,16,0,140,0.0,0.0
pointwise,4,folded,1,2,14,20,24,8,6,11,11,1,16,3,164,0.0,0.0
pointwise,4,folded,2,2,14,20,24,8,6,14,14,1,16,0,140,0.0009999460000003069,0.0
pointwise,5,materialized,1,1,17,20,30,10,11,21,21,1,20,0,159,0.0,0.0
pointwise,5,tiled,1,3,17,26,30,10,13,15,15,1,20,6,220,0.0,0.0
pointwise,5,tiled,2,3,17,26,30,10,13,20,20,1,20,3,193,0.0,0.0
pointwise,5,tiled,3,3,17,26,30,10,13,23,23,1,20,0,169,0.0,0.0
pointwise,5,folded,1,3,17,26,30,10,8,13,13,1,20,6,220,0.0,0.0
pointwise,5,folded,2,3,17,26,30,10,8,16,16,1,20,3,193,0.0,0.0
pointwise,5,folded,3,3,17,26,30,10,8,18,18,1,20,0,169,0.0,0.0
pointwise,6,materialized,1,1,20,23,36,12,13,25,25,1,24,0,184,0.0,0.0
pointwise,6,tiled,1,3,20,29,36,12,15,17,17,1,24,6,246,0.0,0.0010041879999995729
pointwise,6,tiled,2,3,20,29,36,12,15,22,22,1,24,3,219,0.0009997990000005785,0.0
pointwise,6,tiled,3,3,20,29,36,12,15,27,27,1,24,0,195,0.0,0.0
pointwise,6,folded,1,3,20,29,36,12,9,15,15,1,24,6,246,0.0,0.0
pointwise,6,folded,2,3,20,29,36,12,9,18,18,1,24,3,219,0.0,0.001000621999999396
pointwise,6,folded,3,3,20,29,36,12,9,21,21,1,24,0,195,0.0,0.0
stencil,2,materialized,1,1,11,13,16,6,7,13,13,1,10,0,100,0.0,0.0
stencil,2,tiled,1,1,11,13,16,6,7,13,13,1,10,0,100,0.0,0.0
stencil,2,folded,1,1,11,13,16,6,2,8,8,1,10,0,100,0.0,0.0009997379999999723
stencil,3,materialized,1,1,15,17,24,8,10,18,18,1,15,0,133,0.0,0.0
stencil,3,tiled,1,2,15,20,24,8,11,15,15,1,15,3,163,0.0,0.0010001209999996874
stencil,3,tiled,2,2,15,20,24,8,11,19,19,1,15,0,137,0.0,0.0
stencil,3,folded,1,2,15,20,24,8,3,10,10,1,15,3,163,0.0,0.0
stencil,3,folded,2,2,15,20,24,8,3,11,11,1,15,0,137,0.0,0.0009999220000000975
stencil,4,materialized,1,1,19,21,32,10,13,23,23,1,20,0,166,0.0,0.0
stencil,4,tiled,1,2,19,24,32,10,14,17,17,1,20,3,197,0.0,0.0
stencil,4,tiled,2,2,19,24,32,10,14,24,24,1,20,0,171,0.0,0.0
stencil,4,folded,1,2,19,24,32,10,4,12,12,1,20,3,197,0.0,0.0
stencil,4,folded,2,2,19,24,32,10,4,14,14,1,20,0,171,0.0,0.0
stencil,5,materialized,1,1,23,25,40,12,16,28,28,1,25,0,199,0.0,0.0
stencil,5,tiled,1,3,23,31,40,12,18,19,19,1,25,6,261,0.0,0.0
stencil,5,tiled,2,3,23,31,40,12,18,26,26,1,25,3,234,0.0009997880000005566,0.0
stencil,5,tiled,3,3,23,31,40,12,18,30,30,1,25,0,208,0.0,0.0
stencil,5,folded,1,3,23,31,40,12,5,14,14,1,25,6,261,0.0010001820000002937,0.0
stencil,5,folded,2,3,23,31,40,12,5,16,16,1,25,3,234,0.0,0.0
stencil,5,folded,3,3,23,31,40,12,5,17,17,1,25,0,208,0.0009997550000004907,0.0
stencil,6,materialized,1,1,27,29,48,14,19,33,33,1,30,0,232,0.0,0.0
stencil,6,tiled,1,3,27,35,48,14,21,21,21,1,30,6,295,0.0010000259999998207,0.0
stencil,6,tiled,2,3,27,35,48,14,21,28,28,1,30,3,268,0.0,0.0009998669999999876
stencil,6,tiled,3,3,27,35,48,14,21,35,35,1,30,0,242,0.0,0.0
stencil,6,folded,1,3,27,35,48,14,6,16,16,1,30,6,295,0.0,0.0
stencil,6,folded,2,3,27,35,48,14,6,18,18,1,30,3,268,0.000999678000000337,0.0
stencil,6,folded,3,3,27,35,48,14,6,20,20,1,30,0,242,0.001000067999999743,0.0
separable,2,materialized,1,1,53,45,80,20,37,57,57,1,56,0,374,0.0010001499999994223,0.0
separable,2,tiled,1,2,53,60,104,20,50,45,45,1,68,3,506,0.0009998919999993916,0.0
separable,2,tiled,2,2,53,60,104,20,50,70,70,1,68,0,477,0.0010001859999997365,0.0
separable,2,folded,1,2,53,60,104,20,14,27,27,1,68,3,503,0.001000165999999858,0.0
separable,2,folded,2,2,53,60,104,20,14,34,34,1,68,0,477,0.0009993239999994685,0.0
separable,3,materialized,1,1,98,86,162,34,73,107,107,1,117,0,730,0.0009997530000003252,0.0009997919999999993
separable,3,tiled,1,5,98,134,234,34,113,59,59,1,153,12,1210,0.0009998290000003962,0.0009998570000000484
separable,3,tiled,2,5,98,134,234,34,113,84,84,1,153,9,1176,0.0010000100000002732,0.0010000840000001787
separable,3,tiled,5,5,98,134,234,34,113,147,147,1,153,0,1080,0.000999562000000509,0.000999930999999954
separable,3,folded,1,5,98,134,234,34,32,41,41,1,153,12,1198,0.0010004789999999986,0.0019995010000002367
separable,3,folded,2,5,98,134,234,34,32,48,48,1,153,9,1167,0.0010006819999999195,0.0009997559999996852
separable,3,folded,5,5,98,134,234,34,32,66,66,1,153,0,1080,0.0010000410000001736,0.0010004239999998887
separable,4,materialized,1,1,157,141,272,52,121,173,173,1,200,0,1249,0.0020056620000001857,0.0009955020000003145
separable,4,tiled,1,8,157,234,416,52,200,77,77,1,272,21,2230,0.001999759999999462,0.0020004639999999796
separable,4,tiled,2,8,157,234,416,52,200,102,102,1,272,18,2196,0.002000010000000607,0.0010001559999999188
separable,4,tiled,8,8,157,234,416,52,200,252,252,1,272,0,1995,0.0020000910000002037,0.0020001819999997394
separable,4,folded,1,8,157,234,416,52,56,59,59,1,272,21,2209,0.002000427000000471,0.0019996139999998164
separable,4,folded,2,8,157,234,416,52,56,66,66,1,272,18,2178,0.0020002650000003896,0.0019998279999997592
separable,4,folded,8,8,157,234,416,52,56,108,108,1,272,0,1995,0.00199976000000035,0.0020003189999995286
separable,5,materialized,1,1,230,210,410,74,181,255,255,1,305,0,1922,0.0020026800000003675,0.0019971889999998993
separable,5,tiled,1,13,230,366,650,74,313,99,99,1,425,36,3586,0.0029995549999997095,0.0029999969999998655
separable,5,tiled,2,13,230,366,650,74,313,124,124,1,425,33,3552,0.002999758999999713,0.0030000690000004937
separable,5,tiled,13,13,230,366,650,74,313,387,387,1,425,0,3176,0.002999154999999476,0.002999643999999968
separable,5,folded,1,13,230,366,650,74,88,81,81,1,425,36,3550,0.0029984519999999293,0.002999879999999955
separable,5,folded,2,13,230,366,650,74,88,88,88,1,425,33,3519,0.003997990999999423,0.00299979300000075
separable,5,folded,13,13,230,366,650,74,88,162,162,1,425,0,3176,0.003999020999999381,0.0029995200000003663
separable,6,materialized,1,1,317,293,576,100,253,353,353,1,432,0,2747,0.002999152000000116,0.0020005520000001553
separable,6,tiled,1,18,317,524,936,100,450,125,125,1,612,51,5200,0.006000212000000005,0.003999832999999953
separable,6,tiled,2,18,317,524,936,100,450,150,150,1,612,48,5166,0.004999987000000594,0.003999417999999366
separable,6,tiled,18,18,317,524,936,100,450,550,550,1,612,0,4615,0.004998213999999557,0.003999756000000687
separable,6,folded,1,18,317,524,936,100,126,107,107,1,612,51,5149,0.005000115999999721,0.003999764000000461
separable,6,folded,2,18,317,524,936,100,126,114,114,1,612,48,5118,0.005999902000000112,0.003999068000000605
separable,6,folded,18,18,317,524,936,100,126,226,226,1,612,0,4615,0.003999658000000572,0.0050001410000000135
matvec,2,materialized,1,1,15,15,20,8,9,17,17,1,12,0,116,0.0,0.001001274000000052
matvec,2,tiled,1,1,15,15,20,8,9,17,17,1,12,0,116,0.0,0.0
matvec,2,folded,1,1,15,15,20,8,4,12,12,1,12,0,116,0.0,0.0010000659999995776
matvec,3,materialized,1,1,31,26,42,15,19,34,34,1,24,0,205,0.0,0.0
matvec,3,tiled,1,2,31,29,42,15,20,28,28,1,24,3,235,0.0,0.0010003709999999444
matvec,3,tiled,2,2,31,29,42,15,20,35,35,1,24,0,209,0.0,0.0
matvec,3,folded,1,2,31,29,42,15,9,20,20,1,24,3,235,0.0,0.0010001069999994172
matvec,3,folded,2,2,31,29,42,15,9,24,24,1,24,0,209,0.0,0.0
matvec,4,materialized,1,1,53,41,72,24,33,57,57,1,40,0,326,0.001000520999999921,0.0
matvec,4,tiled,1,2,53,44,72,24,34,41,41,1,40,3,360,0.0,0.0010002809999996032
matvec,4,tiled,2,2,53,44,72,24,34,58,58,1,40,0,331,0.0010002509999997855,0.0
matvec,4,folded,1,2,53,44,72,24,12,30,30,1,40,3,357,0.0010000410000001736,0.0
matvec,4,folded,2,2,53,44,72,24,12,36,36,1,40,0,331,0.0,0.0010001199999996047
matvec,5,materialized,1,1,81,60,110,35,51,86,86,1,60,0,479,0.001000061000000052,0.0
matvec,5,tiled,1,3,81,66,110,35,53,56,56,1,60,6,547,0.0009979720000004022,0.000999785999999503
matvec,5,tiled,2,3,81,66,110,35,53,77,77,1,60,3,517,0.0010005290000005829,0.0
matvec,5,tiled,3,3,81,66,110,35,53,88,88,1,60,0,488,0.001000192000000233,0.0010000659999995776
matvec,5,folded,1,3,81,66,110,35,20,42,42,1,60,6,541,0.0,0.0009999750000000418
matvec,5,folded,2,3,81,66,110,35,20,49,49,1,60,3,514,0.001000396999999431,0.0009996980000002154
matvec,5,folded,3,3,81,66,110,35,20,55,55,1,60,0,488,0.0009998650000007103,0.0
matvec,6,materialized,1,1,115,83,156,48,73,121,121,1,84,0,664,0.0009999330000001194,0.0
matvec,6,tiled,1,3,115,89,156,48,75,73,73,1,84,6,733,0.0009998820000003406,0.0
matvec,6,tiled,2,3,115,89,156,48,75,98,98,1,84,3,703,0.000999897999999888,0.0010000770000004877
matvec,6,tiled,3,3,115,89,156,48,75,123,123,1,84,0,674,0.0,0.0009999399999998104
matvec,6,folded,1,3,115,89,156,48,24,56,56,1,84,6,727,0.0010003860000002973,0.0
matvec,6,folded,2,3,115,89,156,48,24,64,64,1,84,3,700,0.0010034299999999163,0.000999260999999585
matvec,6,folded,3,3,115,89,156,48,24,72,72,1,84,0,674,0.0010003169999999173,0.0010001800000001282
matmul,2,materialized,1,1,25,25,40,12,17,29,29,1,24,0,198,0.0,0.0
matmul,2,tiled,1,2,25,28,40,12,18,21,21,1,24,3,229,0.0,0.0
matmul,2,tiled,2,2,25,28,40,12,18,30,30,1,24,0,203,0.0,0.0010000659999995776
matmul,2,folded,1,2,25,28,40,12,8,16,16,1,24,3,229,0.0,0.0
matmul,2,folded,2,2,25,28,40,12,8,20,20,1,24,0,203,0.0,0.0
matmul,3,materialized,1,1,73,68,126,27,55,82,82,1,72,0,547,0.0,0.0010002120000001113
matmul,3,tiled,1,5,73,80,126,27,59,40,40,1,72,12,682,0.0010000510000001128,0.0010002549999992283
matmul,3,tiled,2,5,73,80,126,27,59,53,53,1,72,9,652,0.0,0.0010004749999996676
matmul,3,tiled,5,5,73,80,126,27,59,86,86,1,72,0,566,0.0010004110000005895,0.0
matmul,3,folded,1,5,73,80,126,27,24,32,32,1,72,12,673,0.0009995859999998302,0.001000416000000115
matmul,3,folded,2,5,73,80,126,27,24,37,37,1,72,9,646,0.0,0.001000376000000358
matmul,3,folded,5,5,73,80,126,27,24,51,51,1,72,0,566,0.0010002140000002768,0.0
matmul,4,materialized,1,1,161,149,288,48,129,177,177,1,160,0,1249,0.001000274999999995,0.0010000990000005316
matmul,4,tiled,1,8,161,170,288,48,136,65,65,1,160,21,1537,0.0010000200000002124,0.0010000210000002951
matmul,4,tiled,2,8,161,170,288,48,136,82,82,1,160,18,1503,0.0020001099999999994,0.0009997230000005075
matmul,4,tiled,8,8,161,170,288,48,136,184,184,1,160,0,1305,0.0010000050000007477,0.000999915999999601
matmul,4,folded,1,8,161,170,288,48,48,54,54,1,160,21,1516,0.002000111000000082,0.0010037689999995436
matmul,4,folded,2,8,161,170,288,48,48,60,60,1,160,18,1485,0.0009999650000001026,0.0020000219999998237
matmul,4,folded,8,8,161,170,288,48,48,96,96,1,160,0,1305,0.000999564999999869,0.0010006929999999414
matmul,5,materialized,1,1,301,280,550,75,251,326,326,1,300,0,2437,0.0030000029999994737,0.002000090000000121
matmul,5,tiled,1,13,301,316,550,75,263,96,96,1,300,36,2941,0.0029903210000004066,0.0019977810000000318
matmul,5,tiled,2,13,301,316,550,75,263,117,117,1,300,33,2907,0.001999654999999656,0.0030002109999998083
matmul,5,tiled,13,13,301,316,550,75,263,338,338,1,300,0,2531,0.003000433000000413,0.0019992479999997315
matmul,5,folded,1,13,301,316,550,75,90,82,82,1,300,36,2905,0.0029997189999999563,0.0020011000000002
matmul,5,folded,2,13,301,316,550,75,90,89,89,1,300,33,2874,0.0030001900000007353,0.0019997979999999416
matmul,5,folded,13,13,301,316,550,75,90,165,165,1,300,0,2531,0.0029998630000003246,0.0030001060000000024
matmul,6,materialized,1,1,505,473,936,108,433,541,541,1,504,0,4185,0.004000049000000061,0.003999803000000135
matmul,6,tiled,1,18,505,524,936,108,450,133,133,1,504,51,4906,0.005000278999999885,0.003999642999999331
matmul,6,tiled,2,18,505,524,936,108,450,158,158,1,504,48,4872,0.0050004380000006066,0.004999302999999955
matmul,6,tiled,18,18,505,524,936,108,450,558,558,1,504,0,4321,0.004999442999999992,0.003999693999999998
matmul,6,folded,1,18,505,524,936,108,144,116,116,1,504,51,4855,0.006000540000000498,0.0039993100000002
matmul,6,folded,2,18,505,524,936,108,144,124,124,1,504,48,4824,0.004998454999999957,0.0049998079999999945
matmul,6,folded,18,18,505,524,936,108,144,252,252,1,504,0,4321,0.004999752999999885,0.003999502000000099
prefix,2,materialized,1,1,5,9,8,4,3,7,7,1,6,0,71,0.0,0.0
prefix,2,tiled,1,1,5,9,8,4,3,7,7,1,6,0,71,0.0,0.0
prefix,2,folded,1,1,5,9,8,4,2,6,6,1,6,0,71,0.0,0.0
prefix,3,materialized,1,1,7,11,12,6,4,10,10,1,9,0,86,0.0,0.0
prefix,3,tiled,1,2,7,16,16,6,7,10,10,1,11,3,143,0.0,0.0
prefix,3,tiled,2,2,7,16,16,6,7,13,13,1,11,0,106,0.0,0.0
prefix,3,folded,1,2,7,16,16,6,3,8,8,1,11,3,129,0.0,0.0
prefix,3,folded,2,2,7,16,16,6,3,9,9,1,11,0,106,0.0,0.0
prefix,4,materialized,1,1,9,13,16,8,5,13,13,1,12,0,102,0.0,0.0
prefix,4,tiled,1,2,9,18,20,8,8,13,13,1,14,3,161,0.0010001060000002227,0.0
prefix,4,tiled,2,2,9,18,20,8,8,16,16,1,14,0,124,0.0,0.0
prefix,4,folded,1,2,9,18,20,8,4,10,10,1,14,3,147,0.0009999770000002073,0.0
prefix,4,folded,2,2,9,18,20,8,4,12,12,1,14,0,124,0.0,0.0
prefix,5,materialized,1,1,11,15,20,10,6,16,16,1,15,0,119,0.0010002030000002549,0.0
prefix,5,tiled,1,3,11,27,32,10,14,16,16,1,21,6,267,0.0,0.0
prefix,5,tiled,2,3,11,27,32,10,14,21,21,1,21,3,216,0.0,0.0
prefix,5,tiled,3,3,11,27,32,10,14,24,24,1,21,0,177,0.0,0.0
prefix,5,folded,1,3,11,27,32,10,5,12,12,1,21,6,227,0.0,0.0
prefix,5,folded,2,3,11,27,32,10,5,14,14,1,21,3,201,0.0,0.001000492000000186
prefix,5,folded,3,3,11,27,32,10,5,15,15,1,21,0,177,0.0009998920000002798,0.0
prefix,6,materialized,1,1,13,17,24,12,7,19,19,1,18,0,136,0.0010000999999997262,0.0
prefix,6,tiled,1,3,13,29,36,12,15,19,19,1,24,6,285,0.0,0.0
prefix,6,tiled,2,3,13,29,36,12,15,24,24,1,24,3,234,0.0,0.0009997510000001597
prefix,6,tiled,3,3,13,29,36,12,15,27,27,1,24,0,195,0.001000306999999978,0.0
prefix,6,folded,1,3,13,29,36,12,6,14,14,1,24,6,245,0.0,0.0
prefix,6,folded,2,3,13,29,36,12,6,16,16,1,24,3,219,0.0,0.0
prefix,6,folded,3,3,13,29,36,12,6,18,18,1,24,0,195,0.0,0.0009845310000002883
jacobi,2,materialized,1,1,49,41,72,20,33,53,53,1,56,0,345,0.0,0.0
jacobi,2,tiled,1,2,49,60,104,20,50,45,45,1,72,3,512,0.0009999279999997057,0.0
jacobi,2,tiled,2,2,49,60,104,20,50,70,70,1,72,0,483,0.001000165999999858,0.0
jacobi,2,folded,1,2,49,60,104,20,11,26,26,1,72,3,509,0.0010003200000001655,0.0
jacobi,2,folded,2,2,49,60,104,20,11,31,31,1,72,0,483,0.0010000350000005653,0.0
jacobi,3,materialized,1,1,98,86,162,34,73,107,107,1,126,0,741,0.0,0.0010001160000001619
jacobi,3,tiled,1,5,98,158,282,34,137,71,71,1,186,12,1644,0.0010003499999999832,0.0019998560000002996
jacobi,3,tiled,2,5,98,158,282,34,137,100,100,1,186,9,1511,0.002000223999999662,0.0010004099999996185
jacobi,3,tiled,5,5,98,158,282,34,137,171,171,1,186,0,1321,0.0010002579999994765,0.001000080000000736
jacobi,3,folded,1,5,98,158,282,34,31,42,42,1,186,12,1632,0.000999741999999415,0.0010002580000003647
jacobi,3,folded,2,5,98,158,282,34,31,49,49,1,186,9,1502,0.001999836000000421,0.0010002079999997804
jacobi,3,folded,5,5,98,158,282,34,31,65,65,1,186,0,1321,0.0010000300000001516,0.0020001059999996684
jacobi,4,materialized,1,1,165,149,288,52,129,181,181,1,224,0,1344,0.000999667000000315,0.0010001940000003984
jacobi,4,tiled,1,8,165,298,544,52,264,89,89,1,352,21,3045,0.0029965069999997596,0.0029995990000006856
jacobi,4,tiled,2,8,165,298,544,52,264,126,126,1,352,18,3012,0.0019993490000000946,0.0029999240000000427
jacobi,4,tiled,8,8,165,298,544,52,264,316,316,1,352,0,2617,0.001999560999999872,0.0030000220000001576
jacobi,4,folded,1,8,165,298,544,52,58,60,60,1,352,21,3024,0.002999905000000247,0.0019996469999998823
jacobi,4,folded,2,8,165,298,544,52,58,68,68,1,352,18,2994,0.0030025529999999634,0.001997486999999687
jacobi,4,folded,8,8,165,298,544,52,58,110,110,1,352,0,2617,0.001999996000000337,0.0029996429999998853
jacobi,5,materialized,1,1,250,230,450,74,201,275,275,1,350,0,2142,0.002000047000000116,0.0020000710000003252
jacobi,5,tiled,1,13,250,486,890,74,433,115,115,1,570,216,7151,0.00499996799999991,0.004999983000000263
jacobi,5,tiled,2,13,250,486,890,74,433,156,152,1,570,69,5611,0.003999953999999306,0.003999580000000336
jacobi,5,tiled,13,13,250,486,890,74,433,507,507,1,570,0,4329,0.004999645999999913,0.0039998230000000135
jacobi,5,folded,1,13,250,486,890,74,96,83,83,1,570,216,7115,0.005000026000000268,0.0049996559999998524
jacobi,5,folded,2,13,250,486,890,74,96,92,91,1,570,69,5578,0.005000936000000067,0.003998615000000427
jacobi,5,folded,13,13,250,486,890,74,96,170,170,1,570,0,4329,0.003998601000001045,0.0039996339999994746
jacobi,6,materialized,1,1,353,329,648,100,289,389,389,1,504,0,3142,0.0029995989999989092,0.0029998750000004293
jacobi,6,tiled,1,18,353,716,1320,100,642,141,141,1,840,355,11098,0.008980655999998532,0.006999827000001346
jacobi,6,tiled,2,18,353,716,1320,100,642,182,182,1,840,208,9558,0.007980232999999615,0.00599909700000012
jacobi,6,tiled,18,18,353,716,1320,100,642,742,742,1,840,0,6449,0.005986091999998777,0.0059991159999999155
jacobi,6,folded,1,18,353,716,1320,100,141,109,109,1,840,355,11047,0.007998903000000723,0.00700008099999927
jacobi,6,folded,2,18,353,716,1320,100,141,118,118,1,840,208,9510,0.006980758999999281,0.00699915800000106
jacobi,6,folded,18,18,353,716,1320,100,141,241,241,1,840,0,6449,0.0069984390000001895,0.005999126000000743
convolution,2,materialized,1,1,15,15,20,8,9,17,17,1,12,0,116,0.0,0.0010022319999993812
convolution,2,tiled,1,1,15,15,20,8,9,17,17,1,12,0,116,0.0,0.0
convolution,2,folded,1,1,15,15,20,8,4,12,12,1,12,0,116,0.0,0.0009991300000002923
convolution,3,materialized,1,1,20,20,30,10,13,23,23,1,18,0,157,0.0,0.0
convolution,3,tiled,1,2,20,23,30,10,14,19,19,1,18,3,187,0.0,0.0
convolution,3,tiled,2,2,20,23,30,10,14,24,24,1,18,0,161,0.0,0.0
convolution,3,folded,1,2,20,23,30,10,7,14,14,1,18,3,187,0.0,0.0
convolution,3,folded,2,2,20,23,30,10,7,17,17,1,18,0,161,0.0,0.0
convolution,4,materialized,1,1,25,25,40,12,17,29,29,1,24,0,198,0.0,0.0
convolution,4,tiled,1,2,25,28,40,12,18,21,21,1,24,3,229,0.0,0.0
convolution,4,tiled,2,2,25,28,40,12,18,30,30,1,24,0,203,0.0,0.0010006580000005982
convolution,4,folded,1,2,25,28,40,12,8,16,16,1,24,3,229,0.0009997359999989186,0.0
convolution,4,folded,2,2,25,28,40,12,8,20,20,1,24,0,203,0.0,0.0
convolution,5,materialized,1,1,30,30,50,14,21,35,35,1,30,0,239,0.0010003519999983723,0.0
convolution,5,tiled,1,3,30,36,50,14,23,23,23,1,30,6,301,0.0,0.0
convolution,5,tiled,2,3,30,36,50,14,23,32,32,1,30,3,274,0.0,0.0
convolution,5,tiled,3,3,30,36,50,14,23,37,37,1,30,0,248,0.0,0.0
convolution,5,folded,1,3,30,36,50,14,11,18,18,1,30,6,301,0.0,0.0
convolution,5,folded,2,3,30,36,50,14,11,22,22,1,30,3,274,0.0,0.0
convolution,5,folded,3,3,30,36,50,14,11,25,25,1,30,0,248,0.0,0.0
convolution,6,materialized,1,1,35,35,60,16,25,41,41,1,36,0,280,0.0,0.0
convolution,6,tiled,1,3,35,41,60,16,27,25,25,1,36,6,343,0.0,0.0
convolution,6,tiled,2,3,35,41,60,16,27,34,34,1,36,3,316,0.0,0.0009998830000004233
convolution,6,tiled,3,3,35,41,60,16,27,43,43,1,36,0,290,0.0009999539999991924,0.0
convolution,6,folded,1,3,35,41,60,16,12,20,20,1,36,6,343,0.0,0.0
convolution,6,folded,2,3,35,41,60,16,12,24,24,1,36,3,316,0.0,0.0010003449999995695
convolution,6,folded,3,3,35,41,60,16,12,28,28,1,36,0,290,0.0010001929999994275,0.0
