family,dimension,layout,lanes,tiles,source_nodes,events,reads,persistent_cells,sum_scratch_cells,certified_peak_cells,sampled_peak_cells,single_rescuer_accepts,rescuers,flow_entries,certificate_bytes,producer_cpu_seconds,checker_cpu_seconds
pointwise,2,materialized,1,1,8,11,12,4,5,9,9,1,8,0,85,0.0,0.0
pointwise,2,tiled,1,1,8,11,12,4,5,9,9,1,8,0,85,0.0,0.0
pointwise,2,folded,1,1,8,11,12,4,3,7,7,1,8,0,85,0.0,0.0
pointwise,3,materialized,1,1,11,14,18,6,7,13,13,1,12,0,109,0.0,0.0
pointwise,3,tiled,1,2,11,17,18,6,8,11,11,1,12,3,138,0.0,0.0
pointwise,3,tiled,2,2,11,17,18,6,8,14,14,1,12,0,114,0.0,0.0
pointwise,3,folded,1,2,11,17,18,6,5,9,9,1,12,3,138,0.0,0.0
pointwise,3,folded,2,2,11,17,18,6,5,11,11,1,12,0,114,0.0,0.0
pointwise,4,materialized,1,1,14,17,24,8,9,17,17,1,16,0,134,0.0,0.0
pointwise,4,tiled,1,2,14,20,24,8,10,13,13,1,16,3,164,0.0,0.0
pointwise,4,tiled,2,2,14,20,24,8,10,18,18,1,16,0,140,0.0,0.0
pointwise,4,folded,1,2,14,20,24,8,6,11,11,1,16,3,164,0.0,0.0
pointwise,4,folded,2,2,14,20,24,8,6,14,14,1,16,0,140,0.0,0.0
pointwise,5,materialized,1,1,17,20,30,10,11,21,21,1,20,0,159,0.0,0.003884784000000252
pointwise,5,tiled,1,3,17,26,30,10,13,15,15,1,20,6,220,0.0,0.0
pointwise,5,tiled,2,3,17,26,30,10,13,20,20,1,20,3,193,0.0,0.0
pointwise,5,tiled,3,3,17,26,30,10,13,23,23,1,20,0,169,0.0,0.0
pointwise,5,folded,1,3,17,26,30,10,8,13,13,1,20,6,220,0.0,0.0
pointwise,5,folded,2,3,17,26,30,10,8,16,16,1,20,3,193,0.0,0.0
pointwise,5,folded,3,3,17,26,30,10,8,18,18,1,20,0,169,0.0,0.0
pointwise,6,materialized,1,1,20,23,36,12,13,25,25,1,24,0,184,0.0,0.0
pointwise,6,tiled,1,3,20,29,36,12,15,17,17,1,24,6,246,0.0,0.0
pointwise,6,tiled,2,3,20,29,36,12,15,22,22,1,24,3,219,0.0,0.0
pointwise,6,tiled,3,3,20,29,36,12,15,27,27,1,24,0,195,0.0,0.0
pointwise,6,folded,1,3,20,29,36,12,9,15,15,1,24,6,246,0.0,0.0
pointwise,6,folded,2,3,20,29,36,12,9,18,18,1,24,3,219,0.0,0.0
pointwise,6,folded,3,3,20,29,36,12,9,21,21,1,24,0,195,0.0,0.0
stencil,2,materialized,1,1,11,13,16,6,7,13,13,1,10,0,100,0.0,0.0
stencil,2,tiled,1,1,11,13,16,6,7,13,13,1,10,0,100,0.0,0.0
stencil,2,folded,1,1,11,13,16,6,2,8,8,1,10,0,100,0.0,0.0
stencil,3,materialized,1,1,15,17,24,8,10,18,18,1,15,0,133,0.0,0.0
stencil,3,tiled,1,2,15,20,24,8,11,15,15,1,15,3,163,0.0,0.0
stencil,3,tiled,2,2,15,20,24,8,11,19,19,1,15,0,137,0.0,0.0
stencil,3,folded,1,2,15,20,24,8,3,10,10,1,15,3,163,0.0,0.0
stencil,3,folded,2,2,15,20,24,8,3,11,11,1,15,0,137,0.0,0.0
stencil,4,materialized,1,1,19,21,32,10,13,23,23,1,20,0,166,0.0,0.0
stencil,4,tiled,1,2,19,24,32,10,14,17,17,1,20,3,197,0.0,0.0
stencil,4,tiled,2,2,19,24,32,10,14,24,24,1,20,0,171,0.0,0.0
stencil,4,folded,1,2,19,24,32,10,4,12,12,1,20,3,197,0.0,0.0
stencil,4,folded,2,2,19,24,32,10,4,14,14,1,20,0,171,0.0,0.0
stencil,5,materialized,1,1,23,25,40,12,16,28,28,1,25,0,199,0.0,0.0
stencil,5,tiled,1,3,23,31,40,12,18,19,19,1,25,6,261,0.0,0.0
stencil,5,tiled,2,3,23,31,40,12,18,26,26,1,25,3,234,0.0,0.0
stencil,5,tiled,3,3,23,31,40,12,18,30,30,1,25,0,208,0.0,0.0
stencil,5,folded,1,3,23,31,40,12,5,14,14,1,25,6,261,0.0,0.0
stencil,5,folded,2,3,23,31,40,12,5,16,16,1,25,3,234,0.0,0.0
stencil,5,folded,3,3,23,31,40,12,5,17,17,1,25,0,208,0.0,0.0
stencil,6,materialized,1,1,27,29,48,14,19,33,33,1,30,0,232,0.0,0.0
stencil,6,tiled,1,3,27,35,48,14,21,21,21,1,30,6,295,0.0,0.0
stencil,6,tiled,2,3,27,35,48,14,21,28,28,1,30,3,268,0.0,0.0
stencil,6,tiled,3,3,27,35,48,14,21,35,35,1,30,0,242,0.0,0.0
stencil,6,folded,1,3,27,35,48,14,6,16,16,1,30,6,295,0.0,0.0
stencil,6,folded,2,3,27,35,48,14,6,18,18,1,30,3,268,0.0,0.0
stencil,6,folded,3,3,27,35,48,14,6,20,20,1,30,0,242,0.0,0.0
separable,2,materialized,1,1,53,45,80,20,37,57,57,1,56,0,374,0.0,0.0
separable,2,tiled,1,2,53,60,104,20,50,45,45,1,68,3,506,0.0,0.003997911999999992
separable,2,tiled,2,2,53,60,104,20,50,70,70,1,68,0,477,0.004000143999999928,0.0
separable,2,folded,1,2,53,60,104,20,14,27,27,1,68,3,503,0.0,0.0
separable,2,folded,2,2,53,60,104,20,14,34,34,1,68,0,477,0.0,0.0
separable,3,materialized,1,1,98,86,162,34,73,107,107,1,117,0,730,0.0,0.0
separable,3,tiled,1,5,98,134,234,34,113,59,59,1,153,12,1210,0.0,0.0
separable,3,tiled,2,5,98,134,234,34,113,84,84,1,153,9,1176,0.0,0.0
separable,3,tiled,5,5,98,134,234,34,113,147,147,1,153,0,1080,0.0,0.004001375999999723
separable,3,folded,1,5,98,134,234,34,32,41,41,1,153,12,1198,0.0,0.0
separable,3,folded,2,5,98,134,234,34,32,48,48,1,153,9,1167,0.0,0.0
separable,3,folded,5,5,98,134,234,34,32,66,66,1,153,0,1080,0.0,0.0034321739999993994
separable,4,materialized,1,1,157,141,272,52,121,173,173,1,200,0,1249,0.0,0.0
separable,4,tiled,1,8,157,234,416,52,200,77,77,1,272,21,2230,0.004003339999999689,0.0
separable,4,tiled,2,8,157,234,416,52,200,102,102,1,272,18,2196,0.003997570999999311,0.0
separable,4,tiled,8,8,157,234,416,52,200,252,252,1,272,0,1995,0.00399826200000053,0.0
separable,4,folded,1,8,157,234,416,52,56,59,59,1,272,21,2209,0.0040027389999997,0.0
separable,4,folded,2,8,157,234,416,52,56,66,66,1,272,18,2178,0.0,0.003991161000000076
separable,4,folded,8,8,157,234,416,52,56,108,108,1,272,0,1995,0.003972132999999545,0.0
separable,5,materialized,1,1,230,210,410,74,181,255,255,1,305,0,1922,0.0,0.0
separable,5,tiled,1,13,230,366,650,74,313,99,99,1,425,36,3586,0.004000285000000048,0.003999262999999864
separable,5,tiled,2,13,230,366,650,74,313,124,124,1,425,33,3552,0.0,0.003998231999999824
separable,5,tiled,13,13,230,366,650,74,313,387,387,1,425,0,3176,0.0,0.004000454999999903
separable,5,folded,1,13,230,366,650,74,88,81,81,1,425,36,3550,0.003999733999999755,0.0
separable,5,folded,2,13,230,366,650,74,88,88,88,1,425,33,3519,0.0,0.004001617000000124
separable,5,folded,13,13,230,366,650,74,88,162,162,1,425,0,3176,0.0040028379999998975,0.004003170000000722
separable,6,materialized,1,1,317,293,576,100,253,353,353,1,432,0,2747,0.0039982119999999455,0.0
separable,6,tiled,1,18,317,524,936,100,450,125,125,1,612,51,5200,0.00399952300000006,0.004002788999999396
separable,6,tiled,2,18,317,524,936,100,450,150,150,1,612,48,5166,0.003928767999999749,0.0
separable,6,tiled,18,18,317,524,936,100,450,550,550,1,612,0,4615,0.004000033999999708,0.004000615999999901
separable,6,folded,1,18,317,524,936,100,126,107,107,1,612,51,5149,0.003999354000000288,0.0039969299999995656
separable,6,folded,2,18,317,524,936,100,126,114,114,1,612,48,5118,0.004000354999999622,0.00399874300000036
separable,6,folded,18,18,317,524,936,100,126,226,226,1,612,0,4615,0.004001455999999237,0.0039982119999999455
matvec,2,materialized,1,1,15,15,20,8,9,17,17,1,12,0,116,0.0,0.0
matvec,2,tiled,1,1,15,15,20,8,9,17,17,1,12,0,116,0.0,0.0
matvec,2,folded,1,1,15,15,20,8,4,12,12,1,12,0,116,0.0,0.0
matvec,3,materialized,1,1,31,26,42,15,19,34,34,1,24,0,205,0.0,0.0
matvec,3,tiled,1,2,31,29,42,15,20,28,28,1,24,3,235,0.0,0.0
matvec,3,tiled,2,2,31,29,42,15,20,35,35,1,24,0,209,0.0,0.0
matvec,3,folded,1,2,31,29,42,15,9,20,20,1,24,3,235,0.003999593999999718,0.0
matvec,3,folded,2,2,31,29,42,15,9,24,24,1,24,0,209,0.0,0.0
matvec,4,materialized,1,1,53,41,72,24,33,57,57,1,40,0,326,0.004000374999999501,0.0
matvec,4,tiled,1,2,53,44,72,24,34,41,41,1,40,3,360,0.0,0.0
matvec,4,tiled,2,2,53,44,72,24,34,58,58,1,40,0,331,0.0,0.0
matvec,4,folded,1,2,53,44,72,24,12,30,30,1,40,3,357,0.0,0.0
matvec,4,folded,2,2,53,44,72,24,12,36,36,1,40,0,331,0.004003810000000385,0.0
matvec,5,materialized,1,1,81,60,110,35,51,86,86,1,60,0,479,0.0,0.0
matvec,5,tiled,1,3,81,66,110,35,53,56,56,1,60,6,547,0.0,0.0
matvec,5,tiled,2,3,81,66,110,35,53,77,77,1,60,3,517,0.0,0.004000945999999672
matvec,5,tiled,3,3,81,66,110,35,53,88,88,1,60,0,488,0.0,0.0
matvec,5,folded,1,3,81,66,110,35,20,42,42,1,60,6,541,0.0,0.0
matvec,5,folded,2,3,81,66,110,35,20,49,49,1,60,3,514,0.0,0.0
matvec,5,folded,3,3,81,66,110,35,20,55,55,1,60,0,488,0.0,0.0
matvec,6,materialized,1,1,115,83,156,48,73,121,121,1,84,0,664,0.0,0.0
matvec,6,tiled,1,3,115,89,156,48,75,73,73,1,84,6,733,0.00400000399999989,0.0
matvec,6,tiled,2,3,115,89,156,48,75,98,98,1,84,3,703,0.0,0.0
matvec,6,tiled,3,3,115,89,156,48,75,123,123,1,84,0,674,0.0,0.0
matvec,6,folded,1,3,115,89,156,48,24,56,56,1,84,6,727,0.0,0.0
matvec,6,folded,2,3,115,89,156,48,24,64,64,1,84,3,700,0.0,0.0
matvec,6,folded,3,3,115,89,156,48,24,72,72,1,84,0,674,0.0,0.004002017000000357
matmul,2,materialized,1,1,25,25,40,12,17,29,29,1,24,0,198,0.0,0.0
matmul,2,tiled,1,2,25,28,40,12,18,21,21,1,24,3,229,0.0,0.0
matmul,2,tiled,2,2,25,28,40,12,18,30,30,1,24,0,203,0.0,0.0
matmul,2,folded,1,2,25,28,40,12,8,16,16,1,24,3,229,0.0,0.0
matmul,2,folded,2,2,25,28,40,12,8,20,20,1,24,0,203,0.0,0.0
matmul,3,materialized,1,1,73,68,126,27,55,82,82,1,72,0,547,0.0,0.0
matmul,3,tiled,1,5,73,80,126,27,59,40,40,1,72,12,682,0.0019331930000001663,0.0
matmul,3,tiled,2,5,73,80,126,27,59,53,53,1,72,9,652,0.0,0.0
matmul,3,tiled,5,5,73,80,126,27,59,86,86,1,72,0,566,0.0,0.0
matmul,3,folded,1,5,73,80,126,27,24,32,32,1,72,12,673,0.0,0.003999363999999339
matmul,3,folded,2,5,73,80,126,27,24,37,37,1,72,9,646,0.0,0.0
matmul,3,folded,5,5,73,80,126,27,24,51,51,1,72,0,566,0.0,0.0
matmul,4,materialized,1,1,161,149,288,48,129,177,177,1,160,0,1249,0.004001967999999856,0.0
matmul,4,tiled,1,8,161,170,288,48,136,65,65,1,160,21,1537,0.0,0.004002528000000005
matmul,4,tiled,2,8,161,170,288,48,136,82,82,1,160,18,1503,0.0,0.0
matmul,4,tiled,8,8,161,170,288,48,136,184,184,1,160,0,1305,0.0,0.0
matmul,4,folded,1,8,161,170,288,48,48,54,54,1,160,21,1516,0.0,0.0039970099999999675
matmul,4,folded,2,8,161,170,288,48,48,60,60,1,160,18,1485,0.0,0.003999093000000009
matmul,4,folded,8,8,161,170,288,48,48,96,96,1,160,0,1305,0.0,0.0
matmul,5,materialized,1,1,301,280,550,75,251,326,326,1,300,0,2437,0.0,0.003999093000000009
matmul,5,tiled,1,13,301,316,550,75,263,96,96,1,300,36,2941,0.004001276000000331,0.0
matmul,5,tiled,2,13,301,316,550,75,263,117,117,1,300,33,2907,0.0,0.004001267000000475
matmul,5,tiled,13,13,301,316,550,75,263,338,338,1,300,0,2531,0.0040007459999999995,0.0
matmul,5,folded,1,13,301,316,550,75,90,82,82,1,300,36,2905,0.0,0.003998542999999799
matmul,5,folded,2,13,301,316,550,75,90,89,89,1,300,33,2874,0.004000514999999538,0.0
matmul,5,folded,13,13,301,316,550,75,90,165,165,1,300,0,2531,0.0,0.003999654000000241
matmul,6,materialized,1,1,505,473,936,108,433,541,541,1,504,0,4185,0.003998682000000642,0.003999914999999632
matmul,6,tiled,1,18,505,524,936,108,450,133,133,1,504,51,4906,0.004009338000000362,0.0
matmul,6,tiled,2,18,505,524,936,108,450,158,158,1,504,48,4872,0.004294942000000468,0.003705217999999455
matmul,6,tiled,18,18,505,524,936,108,450,558,558,1,504,0,4321,0.00398703499999975,0.0040017270000003435
matmul,6,folded,1,18,505,524,936,108,144,116,116,1,504,51,4855,0.0040016469999999416,0.003998601999999352
matmul,6,folded,2,18,505,524,936,108,144,124,124,1,504,48,4824,0.004005143000000544,0.003996099000000086
matmul,6,folded,18,18,505,524,936,108,144,252,252,1,504,0,4321,0.0039984620000002025,0.004000685999999476
prefix,2,materialized,1,1,5,9,8,4,3,7,7,1,6,0,71,0.0,0.0
prefix,2,tiled,1,1,5,9,8,4,3,7,7,1,6,0,71,0.0,0.0
prefix,2,folded,1,1,5,9,8,4,2,6,6,1,6,0,71,0.0,0.0
prefix,3,materialized,1,1,7,11,12,6,4,10,10,1,9,0,86,0.0,0.0
prefix,3,tiled,1,2,7,16,16,6,7,10,10,1,11,3,143,0.0,0.0
prefix,3,tiled,2,2,7,16,16,6,7,13,13,1,11,0,106,0.0,0.0
prefix,3,folded,1,2,7,16,16,6,3,8,8,1,11,3,129,0.0,0.0
prefix,3,folded,2,2,7,16,16,6,3,9,9,1,11,0,106,0.0,0.0
prefix,4,materialized,1,1,9,13,16,8,5,13,13,1,12,0,102,0.0,0.0
prefix,4,tiled,1,2,9,18,20,8,8,13,13,1,14,3,161,0.0,0.0
prefix,4,tiled,2,2,9,18,20,8,8,16,16,1,14,0,124,0.0,0.0
prefix,4,folded,1,2,9,18,20,8,4,10,10,1,14,3,147,0.0,0.0
prefix,4,folded,2,2,9,18,20,8,4,12,12,1,14,0,124,0.0,0.0
prefix,5,materialized,1,1,11,15,20,10,6,16,16,1,15,0,119,0.0,0.0
prefix,5,tiled,1,3,11,27,32,10,14,16,16,1,21,6,267,0.0,0.0
prefix,5,tiled,2,3,11,27,32,10,14,21,21,1,21,3,216,0.0,0.0
prefix,5,tiled,3,3,11,27,32,10,14,24,24,1,21,0,177,0.0,0.0
prefix,5,folded,1,3,11,27,32,10,5,12,12,1,21,6,227,0.0,0.0
prefix,5,folded,2,3,11,27,32,10,5,14,14,1,21,3,201,0.0,0.0
prefix,5,folded,3,3,11,27,32,10,5,15,15,1,21,0,177,0.0,0.0
prefix,6,materialized,1,1,13,17,24,12,7,19,19,1,18,0,136,0.0,0.0
prefix,6,tiled,1,3,13,29,36,12,15,19,19,1,24,6,285,0.0,0.0
prefix,6,tiled,2,3,13,29,36,12,15,24,24,1,24,3,234,0.0,0.0
prefix,6,tiled,3,3,13,29,36,12,15,27,27,1,24,0,195,0.0,0.0
prefix,6,folded,1,3,13,29,36,12,6,14,14,1,24,6,245,0.0,0.0
prefix,6,folded,2,3,13,29,36,12,6,16,16,1,24,3,219,0.0,0.0
prefix,6,folded,3,3,13,29,36,12,6,18,18,1,24,0,195,0.0,0.0
jacobi,2,materialized,1,1,49,41,72,20,33,53,53,1,56,0,345,0.0,0.0
jacobi,2,tiled,1,2,49,60,104,20,50,45,45,1,72,3,512,0.0,0.0
jacobi,2,tiled,2,2,49,60,104,20,50,70,70,1,72,0,483,0.0,0.0
jacobi,2,folded,1,2,49,60,104,20,11,26,26,1,72,3,509,0.0,0.0
jacobi,2,folded,2,2,49,60,104,20,11,31,31,1,72,0,483,0.0,0.0
jacobi,3,materialized,1,1,98,86,162,34,73,107,107,1,126,0,741,0.0,0.0
jacobi,3,tiled,1,5,98,158,282,34,137,71,71,1,186,12,1644,0.0,0.0
jacobi,3,tiled,2,5,98,158,282,34,137,100,100,1,186,9,1511,0.0,0.004003699999999277
jacobi,3,tiled,5,5,98,158,282,34,137,171,171,1,186,0,1321,0.0,0.0
jacobi,3,folded,1,5,98,158,282,34,31,42,42,1,186,12,1632,0.004001597000000245,0.0
jacobi,3,folded,2,5,98,158,282,34,31,49,49,1,186,9,1502,0.0,0.004001096000000537
jacobi,3,folded,5,5,98,158,282,34,31,65,65,1,186,0,1321,0.0,0.0
jacobi,4,materialized,1,1,165,149,288,52,129,181,181,1,224,0,1344,0.0,0.0
jacobi,4,tiled,1,8,165,298,544,52,264,89,89,1,352,21,3045,0.004002357999999262,0.0
jacobi,4,tiled,2,8,165,298,544,52,264,126,126,1,352,18,3012,0.003999233999999241,0.0
jacobi,4,tiled,8,8,165,298,544,52,264,316,316,1,352,0,2617,0.003994675999999586,0.0
jacobi,4,folded,1,8,165,298,544,52,58,60,60,1,352,21,3024,0.0,0.003999743999999694
jacobi,4,folded,2,8,165,298,544,52,58,68,68,1,352,18,2994,0.004000966000000439,0.0
jacobi,4,folded,8,8,165,298,544,52,58,110,110,1,352,0,2617,0.003993866000000068,0.0
jacobi,5,materialized,1,1,250,230,450,74,201,275,275,1,350,0,2142,0.0,0.0039993740000001665
jacobi,5,tiled,1,13,250,486,890,74,433,115,115,1,570,216,7151,0.004000816000000462,0.00399966400000018
jacobi,5,tiled,2,13,250,486,890,74,433,156,152,1,570,69,5611,0.0040015569999996,0.0039982920000003475
jacobi,5,tiled,13,13,250,486,890,74,433,507,507,1,570,0,4329,0.0038793460000006164,0.003998481999999193
jacobi,5,folded,1,13,250,486,890,74,96,83,83,1,570,216,7115,0.003999444000000629,0.004230767000000135
jacobi,5,folded,2,13,250,486,890,74,96,92,91,1,570,69,5578,0.0039998050000003005,0.003997820999999568
jacobi,5,folded,13,13,250,486,890,74,96,170,170,1,570,0,4329,0.004239818999999478,0.0037598990000002885
jacobi,6,materialized,1,1,353,329,648,100,289,389,389,1,504,0,3142,0.0,0.00399967400000012
jacobi,6,tiled,1,18,353,716,1320,100,642,141,141,1,840,355,11098,0.004000504999999599,0.007997195000000623
jacobi,6,tiled,2,18,353,716,1320,100,642,182,182,1,840,208,9558,0.003999754000000522,0.007999058000000225
jacobi,6,tiled,18,18,353,716,1320,100,642,742,742,1,840,0,6449,0.007999308000000482,0.0039995440000000215
jacobi,6,folded,1,18,353,716,1320,100,141,109,109,1,840,355,11047,0.0039981719999993,0.007902685000000353
jacobi,6,folded,2,18,353,716,1320,100,141,118,118,1,840,208,9510,0.007999349000000322,0.004000744999999917
jacobi,6,folded,18,18,353,716,1320,100,141,241,241,1,840,0,6449,0.008000470000000703,0.003999362999999256
convolution,2,materialized,1,1,15,15,20,8,9,17,17,1,12,0,116,0.0,0.0
convolution,2,tiled,1,1,15,15,20,8,9,17,17,1,12,0,116,0.0,0.0
convolution,2,folded,1,1,15,15,20,8,4,12,12,1,12,0,116,0.0,0.0
convolution,3,materialized,1,1,20,20,30,10,13,23,23,1,18,0,157,0.0,0.0
convolution,3,tiled,1,2,20,23,30,10,14,19,19,1,18,3,187,0.0,0.0
convolution,3,tiled,2,2,20,23,30,10,14,24,24,1,18,0,161,0.0,0.0
convolution,3,folded,1,2,20,23,30,10,7,14,14,1,18,3,187,0.0,0.0
convolution,3,folded,2,2,20,23,30,10,7,17,17,1,18,0,161,0.0,0.0
convolution,4,materialized,1,1,25,25,40,12,17,29,29,1,24,0,198,0.0,0.0
convolution,4,tiled,1,2,25,28,40,12,18,21,21,1,24,3,229,0.0,0.0
convolution,4,tiled,2,2,25,28,40,12,18,30,30,1,24,0,203,0.0,0.0
convolution,4,folded,1,2,25,28,40,12,8,16,16,1,24,3,229,0.0,0.0
convolution,4,folded,2,2,25,28,40,12,8,20,20,1,24,0,203,0.004001136000000294,0.0
convolution,5,materialized,1,1,30,30,50,14,21,35,35,1,30,0,239,0.0,0.0
convolution,5,tiled,1,3,30,36,50,14,23,23,23,1,30,6,301,0.003999985000000095,0.0
convolution,5,tiled,2,3,30,36,50,14,23,32,32,1,30,3,274,0.0,0.0
convolution,5,tiled,3,3,30,36,50,14,23,37,37,1,30,0,248,0.0,0.0
convolution,5,folded,1,3,30,36,50,14,11,18,18,1,30,6,301,0.0,0.0
convolution,5,folded,2,3,30,36,50,14,11,22,22,1,30,3,274,0.0,0.0
convolution,5,folded,3,3,30,36,50,14,11,25,25,1,30,0,248,0.0,0.0025261219999999085
convolution,6,materialized,1,1,35,35,60,16,25,41,41,1,36,0,280,0.0,0.0
convolution,6,tiled,1,3,35,41,60,16,27,25,25,1,36,6,343,0.0,0.0
convolution,6,tiled,2,3,35,41,60,16,27,34,34,1,36,3,316,0.004001977999999795,0.0
convolution,6,tiled,3,3,35,41,60,16,27,43,43,1,36,0,290,0.0,0.0
convolution,6,folded,1,3,35,41,60,16,12,20,20,1,36,6,343,0.0,0.0
convolution,6,folded,2,3,35,41,60,16,12,24,24,1,36,3,316,0.0,0.0
convolution,6,folded,3,3,35,41,60,16,12,28,28,1,36,0,290,0.0,0.004001467000000147
