branches,source_nodes,events,packet_events,packet_effects,read_obligations,shared_scratch_cells,quarantine_scratch_cells,fixed_read_min_single_rescuer_cells,injective_private_scratch_cells,scratch_cells_saved_vs_best_fixed_read_single_rescuer,scratch_cells_saved_vs_injective_private,shared_peak_cells,quarantine_peak_cells,injective_private_peak_cells,forwarded_peak_cells,split_peak_cells,max_restorers_for_one_read,single_rescuer_shared,single_rescuer_repaired,single_rescuer_quarantine,single_rescuer_injective_private,single_rescuer_forwarded,single_rescuer_split,edge_repair_added_edges,unrestricted_orders,repaired_orders,repair_retained_fraction,certificate_bytes,producer_cpu_seconds,checker_cpu_seconds,unique_essential_packet_outputs_shared_interface,essential_restores_shared_interface
2,5,10,2,4,15,1,2,2,3,1,2,7,8,9,7,7,2,0,1,1,1,1,1,1,6,5,0.8333333333333334,92,0.0,0.0,2,2
3,7,12,3,6,21,1,2,2,4,1,3,9,10,12,9,9,3,0,1,1,1,1,1,2,90,66,0.7333333333333333,113,0.0,0.0,3,3
4,9,14,4,8,27,1,2,2,5,1,4,11,12,15,11,11,4,0,1,1,1,1,1,3,2520,1674,0.6642857142857143,136,0.0,0.0,4,4
5,11,16,5,10,33,1,2,2,6,1,5,13,14,18,13,13,5,0,1,1,1,1,1,4,113400,69480,0.6126984126984127,159,0.0040117120000005,0.0,5,5
6,13,18,6,12,39,1,2,2,7,1,6,15,16,21,15,15,6,0,1,1,1,1,1,5,7484400,4282200,0.5721500721500722,182,0.004000705999999354,0.0,6,6
7,15,20,7,14,45,1,2,2,8,1,7,17,18,24,17,17,7,0,1,1,1,1,1,6,681080400,367189200,0.5391275391275391,205,0.0,0.0,7,7
8,17,22,8,16,51,1,2,2,9,1,8,19,20,27,19,19,8,0,1,1,1,1,1,7,81729648000,41806270800,0.5115190365190365,228,0.0,0.0,8,8
12,25,30,12,24,75,1,2,2,13,1,12,27,28,39,27,27,12,0,1,1,1,1,1,11,151476660579404160000,65693329481656800000,0.43368614828434454,320,0.0,0.0,12,12
16,33,38,16,32,99,1,2,2,17,1,16,35,36,51,35,35,16,0,1,1,1,1,1,15,4015057936610313875842560000000,1542136686874385517980064000000,0.3840882774848136,412,0.0,0.0,16,16
24,49,54,24,48,147,1,2,2,25,1,24,51,52,75,51,51,24,0,1,1,1,1,1,23,739927029164795438698666634999118747623055360000000000,238273608796692228086463334721403150779155046400000000,0.322023117692629,596,0.0,0.0,24,24
32,65,70,32,64,195,1,2,2,33,1,32,67,68,99,67,67,32,0,1,1,1,1,1,31,29543166092104316713156502073435457610261048230935165704880350822400000000000000,8369721279758371054034107658859396591608043130782685579828650393600000000000000,0.28330481755627596,780,0.0,0.0,32,32
48,97,102,48,96,291,1,2,2,49,1,48,99,100,147,99,99,48,0,1,1,1,1,1,47,3523147764180655234190351882055458791705091132411339300192224949762803812835057826147851315699457860056309836021760000000000000000000000,830284126242048084917065722691663753723531054327552118317899469238581427321313138311409855886820890406650639495987200000000000000000000,0.23566542813884483,1148,0.004001117000001386,0.0,48,48
64,129,134,64,128,387,1,2,2,65,1,64,131,132,195,131,131,64,0,1,1,1,1,1,63,20904528236620891940081131393274341908645775613651159035115043725837813468188547468467196972075851105103762167148984007819272422599310242751614687727406346907240366080000000000000000000000000000000,4313960415123483940832504912546123253690950744712440930709693323218005909901685827691159575779707757634157050102779247760568742349660897629481567015609608274692842455040000000000000000000000000000,0.20636487780509766,1548,0.004002468000001258,0.0,64,64
96,193,198,96,192,579,1,2,2,97,1,96,195,196,291,195,195,96,0,1,1,1,1,1,95,4480689465479480605976694964568519579428334792547432765899104527984086128941105018126487862767860158871953513567760953652673914605430009792966656921699486726200646136170893571996707756730168711383788948072929783799619703643764694333514946830994401739163090010812569896741120203816960000000000000000000000000000000000000000000000,764940377898528710833765446411937998943745694046330594332353560933203959451448726069553407196738287395118107671131023895651975477718128354524132244845605114209382009638241848154908587720685121516724540114117477388943257614422231223007965746528861750016882538167090761519970383403417600000000000000000000000000000000000000000000,0.17071934660767035,2348,0.0,0.003998793000000944,96,96
128,257,262,128,256,771,1,2,2,129,1,128,259,260,387,259,259,128,0,1,1,1,1,1,127,2520899872376134234084842537871532669076189736416969816033359375101933357301134106763026135543494584755799431119624762109861313114840528069183529102526921314371157444385592923438081074258998374060467445612281270245290128417281917718666648880727639765828627416997161980868259837981431630497142795911368060252732688077958865807828036918622229097194844285936404406287728008498562224481999855348106314127507456000000000000000000000000000000000000000000000000000000000000000,375626266890640993799872420071302772954296397592441917970229412457756835522005158241766362424536094401434421772340396347064226112264479164680297408397113440110100641343717827684994684303373944347569413187400957397777141458071486419040714539778201731781795026873115845465536278454059722654486720447764464540858528272243807651863244749337612515810140679102857422262442540072297444055054645335741814962703564800000000000000000000000000000000000000000000000000000000000000,0.14900483395105474,3148,0.0,0.003996859999999103,128,128
192,385,390,192,384,1155,1,2,2,193,1,192,387,388,579,387,387,192,0,1,1,1,1,1,191,32188425457519459858026962617363461557919744215045945626600472116090596836662209365333413441926920969012209654557006004536624299454654915010193906924181171532485367261716622392425350034378412487061530570948418515825487362061849537387286786265921459800878240811871629799011312618822209479176594975093510734238433802139955644185588282529852549587198427272049935536889550134225468115802811878605533797982219024398080844545859466647490908247440261158453825255707485274059599916876027199261101414678071797732492001468945916986196338434267504414448152132763881818477545898832039225148571204799748812008603879833942533045200358383279361763744300840663059625335871278781575354866728960000000000000000000000000000000000000000000000000000000000000000000000000000000000000000000000,3952442857769618440010911779587090524423449771358071287515062474574317887473509434526379803321264833357510267251928518709211451176691884568907413538255060862781925002741257448422674027431173056525417486144018712929620473928155873730318870770131032615178970211912878617188810427647921132014378835155486282390352511012384440561163480977386732441771296076195514235876599645159281945932090101469676901767051135039101136814593091276587526742713724982979737096632315519676864484474366242957299651322154583244434088730960488486272264522823231052143630360350911914906142676396536253347760348255619181981106960653652281899609367099900406593738426983509277242634217567944640252699528396800000000000000000000000000000000000000000000000000000000000000000000000000000000000000000000,0.12279081072125875,4748,0.003995948000000027,0.0039967599999997105,192,192
